"id","title","description","publishedAt","tags","categoryId","defaultLanguage","defaultAudioLanguage","thumbnail_default","thumbnail_high","duration","viewCount","likeCount","commentCount","privacyStatus","channel_id","channel_title","channel_description","channel_country","channel_thumbnail","channel_subscriberCount","channel_videoCount","is_transcript_available","transcript"
"dPwLlZ8n9n8","Soldier F found not guilty of all charges in Bloody Sunday murder trial | BBC News","Soldier F has been found not guilty of murdering two people on Bloody Sunday in Londonderry in 1972.
 
The former British army paratrooper - who cannot be named because of a court order - was also found not guilty of five counts of attempted murder.
 
Thirteen people were shot dead, and 15 others injured, when soldiers opened fire at a civil rights demonstration in a predominantly Catholic part of the city.
 
The case of R v Soldier F was one of the most controversial, significant and high-profile trials over killings from the conflict in Northern Ireland.

Subscribe here: http://bit.ly/1rbfUog

For more news, analysis and features visit: www.bbc.com/news 

#BBCNews","2025-10-23T15:31:48Z","bbc|bbc news|news|world news|breaking news|us news|world|america|usa|usa news|india news","25","en","en-GB","https://i.ytimg.com/vi/dPwLlZ8n9n8/default.jpg","https://i.ytimg.com/vi/dPwLlZ8n9n8/hqdefault.jpg","PT6M23S","380","13","","public","UC16niRr50-MSBwiO3YDb3RA","BBC News","Welcome to the official BBC News YouTube channel. 

Interested in global news with an impartial perspective? Want to see behind-the-scenes footage directly from the front-line? Our YouTube channel has all this and more, bringing you specially selected clips from the world's most trusted news source.

For the latest news and analysis download the BBC News app or visit BBC.com. 
","GB","https://yt3.ggpht.com/v4JamQ9B-PUiJHjmZQs9UwTaoLQW8vijJMMpV5QvA2wHQ6iwWM8Q1s6O4jgTl0dtDigVWAi7SA=s800-c-k-c0x00ffffff-no-rj","18800000","27251","True","Now, a former soldier has been found not guilty of all seven charges he faced in relation to Bloody Sunday in London Derry in 1972. The veteran known as Soldier F had been on trial charged with murder in relation to the killings of James Ray and William McKini, who were two of the 13 people shot dead by the Parachute Regiment at a civil rights demonstration. He was also charged with five counts of attempted murder. The judge at Belfast Crown Court has acquitted Soldier F of all charges. Chris Page reports. What happened in these streets more than half a century ago is captured on the walls and seared in people's minds. Bloody Sunday was one of the most deadly days during 30 years of violence in Northern Ireland. [Applause] A civil rights march in London Derry turned to carnage. The killings happened in the Bogside area, a part of Derry where most people were Irish nationalists. Soldiers from the Parachute Regiment shot dead 13 demonstrators. This image became one of the most prominent and poignant of the whole conflict. The Catholic priest, Father Edward Daly, trying to protect one of the victims, Jackie Dudy, after he was fatally wounded. It was completely outrageous, disgraceful. I I don't know. It's they call they call themselves an army. It's utterly disgraceful, I think. Are you quite sure that that nothing was fired at them first? There was nothing fired at them first. I'm absolutely certain of that. I can speak of this uh without any difficulty whatsoever because I was there. The army rejected that version of events, saying the paratroopers shot gunmen and bombers. But in 2010, a public inquiry said that on balance the soldiers did fire first and that none of the victims had posed any threat. Nine years later, prosecutors decided to charge a veteran known as Soldier F with murdering James Ray and William McKini. He was also accused of five counts of attempted murder. I heard live fire, but I didn't know where it was going or where it was coming from. John Kelly's brother, Michael, was also killed. Berieved families knew the trial they'd campaigned for would be harrowing. I can see everything in my mind's eye. It even puts me back to where I was that day and where I ended up with Michael because I helped to to carry Michael on the day afterwards and place him in the ambulance. But even going through that, again, it's worthwhile to me. Some veteran supporters claimed the prosecution reflected an imbalanced approach. There are many families of soldiers across Northern Ireland and indeed GB who have never had the truth regarding the death of their loved one. The trial focused on the shootings in this courtyard called Glenfa Park. People who were here on Bloody Sunday told the court that they'd been fired on as they ran away. Some described how they tried to protect themselves by lying still on the ground and pretending they were dead. The only evidence which specifically said Soldier Fired his rifle came in the form of statements which two other former paratroopers made to the initial investigations back in 1972. Defense lawyers argued the statements weren't reliable. In Derry, the walls of a museum bear the bullet marks from Bloody Sunday. Inside, there's James Ray's jacket torn by the shots which killed him. After 53 years of grief and controversy, the criminal process has ended with no conviction. Chris Page, BBC News. Well, Mickey McKinn was the brother of William McKini, one of the men that Soldier F was accused of killing. He gave this reaction to the court's decision on behalf of the bloody Sunday families. Soldier F has had been discharged from the defendant's criminal dock, but it is 1 million miles away from being an honorable discharge. Unlike his victims, there has been no declaration of Soldier F's innocence. Soldier F created two young widows on Bloody Sunday. He orphaned 12 children and he deprived dozens and of siblings of a loving brother. Despite the heroism, steadfastness and dignity of the bloody Sunday families and wounded, a cyard walks free from the dark today. Not through the front door of this courthouse like every other vindicated, wrongly accused offending proudly does, but instead once his curtain is peeled back for him creeping out the back door. The type of thug who is well used to special treatment, well used to have important and powerful connections with his police escorting to back over to Hiden Palace barracks where all this began. Mickey McKini there. Well, Paul Young is from the Northern Ireland Veterans Movement and he made a statement outside court once the verdict was given. Veterans across the whole of the United Kingdom that served in Northern Ireland with honor and courage will be hardened by this verdict today. You can hear the barrack that I'm getting from people behind me. That shows the good grace they do not have. And I will not comment on any further than that. Soldiers have beenounded. Elderly soldiers have beenounded. And I'm mindful of Dennis Hutchkins who was here in this very court and died trying to clear his name. The terrorists in this community murdered 44 soldiers in 1971 and 104 soldiers in 1972. I ask you, who's the terrorist? Paul Young there speaking out"
"3IUpny2sxGw","King Charles becomes first head of Church of England to pray with Pope | BBC News","King Charles has become the first head of the Church of England to pray publicly with the Pope.
 
The King and Queen Camilla met Pope Leo for the first time, before sharing a service in the Sistine Chapel at the Vatican.
 
Prior to the service, the King and Queen had a private audience with the Pope, where they exchanged gifts.

Subscribe here: http://bit.ly/1rbfUog

For more news, analysis and features visit: www.bbc.com/news 

#Vatican #KingCharles #BBCNews","2025-10-23T12:42:58Z","bbc|bbc news|news|world news|breaking news|us news|world|america|usa|usa news|india news","25","en","en-GB","https://i.ytimg.com/vi/3IUpny2sxGw/default.jpg","https://i.ytimg.com/vi/3IUpny2sxGw/hqdefault.jpg","PT12M18S","15566","764","428.0","public","UC16niRr50-MSBwiO3YDb3RA","BBC News","Welcome to the official BBC News YouTube channel. 

Interested in global news with an impartial perspective? Want to see behind-the-scenes footage directly from the front-line? Our YouTube channel has all this and more, bringing you specially selected clips from the world's most trusted news source.

For the latest news and analysis download the BBC News app or visit BBC.com. 
","GB","https://yt3.ggpht.com/v4JamQ9B-PUiJHjmZQs9UwTaoLQW8vijJMMpV5QvA2wHQ6iwWM8Q1s6O4jgTl0dtDigVWAi7SA=s800-c-k-c0x00ffffff-no-rj","18800000","27251","True","Hello and a very warm welcome to BBC News. I'm Mark Lohen. We are live on St. Peter Square at the Vatican where a moment of history has just been made involving King Charles and Queen Camila who have been here at the Vatican meeting Pope Leo I 14th and for the first time a British monarch prayed alongside a pope, a Catholic pope for the first time in five centuries. The royal couple joined Pope Leo for a prayer service in the Cistine Chapel in a show of religious unity. It is the first time that the heads of the Catholic Church and the Church of England have joined in prayer since the Reformation 500 years ago. It comes at a difficult time for the royal family following new revelations about his brother, Prince Andrew, who last week relinquished his royal title. Let us just show you that moment. [Music] Pope Leo with uh the Archbishop of York there beside him and then King Charles and Queen Camela Camila in that uh prayer the first prayer shared between a British monarch and a pope in five centuries. Let us uh bring in our religion editor Alem Mcbull uh who is live with us from London. Alem, your thoughts today on this historic moment for uh two wings of the church between which there has been so much mistrust and tension for such a long time, but then uh coming together today in this real moment of unity and reconciliation. Well, striking pictures, striking symbolism. We're going to see more of it later in the day. Uh we've seen the praying together. We'll also see later in the day the beautiful basilica of St. pause outside the walls that uh an honorary title will be conferred on the king as well because that basilica before the reformation before 1534 uh was looked after in part by Anglo-Saxon rulers by English kings obviously that hasn't happened since but this will be an honorary title so so extraordinary gestures uh but what I would say watching this is you know this is not about marking a sea change suddenly in the relationship between these two churches. Yes, there was animosity, but we're talking about centuries ago. The groundwork for this has obviously been laid uh through the decades uh to a point where the churches are working together where popes have met monarchs in the past, have talked about their respect for monarchs. We remember Pope Francis talking about his respect for the late queen and the warm relationship that actually uh the king had as Prince Charles over the years in meeting several popes uh in the past. So uh it is extraordinary symbolism and the groundwork for this moment has been laid uh for many decades and in some senses there are those who are looking at this thinking it would have been very fitting if this had happened as originally planned uh in a meeting a prayer between the late Pope Francis and the king because these are two characters uh heads of of two churches who were really all about uh reaching out. Pope Francis was about reaching out to other faiths, other denominations. And of course, we know that the king has had a very profound interest in interfaith harmony. And uh of course when it was originally due to take place, Pope Francis was very ill. The king still met him, but it was in the final weeks of his life. But as I say, extraordinary symbolism in the pictures that we're seeing now. and Alm as we started speaking uh we saw the uh first images that we had in there of um uh King Charles and Queen Camila meeting Pope Leo the 14th in the apostolic palace before they then entered uh the Systeine Chapel. It is of course the first meeting also between the two heads of state. Of course uh the pope is the head of head of the state of the Vatican, the the smallest independent state. politics also at play here uh beyond the theological and religious significance and and the two men discussing matters that are close to their heart. Yes, no question. I mean this is a state visit. Yes, the Vatican is the smallest state but one that punches many many times above its weight. Uh there have been occasions in the past where uh you know the British government has been very keen to get the Vatican on board on some of its global projects for example uh issues like uh combating sexual violence in in conflict for example and so that was something where the British government had worked hard to get the Vatican on board because they recognized if the Vatican was on board was uh they if they had the same interests uh it was something that was extremely helpful on achieving some of the goals on the world stage. So certainly that is at the heart of this as well a political meeting between uh heads of state uh but of course uh with the backdrop of this uh religious symbolism and you know that there is a sense that uh the king has been uh keen for some time for a meeting like this. We know as I say that uh the palace and the Vatican had been working on it uh in the days uh and months preceding Pope Leo's uh uh election as as pope uh installation as Pope uh he's already met Pope Leo, one member of the royal family in uh in uh Prince Edward who attended the inaugural mass of Pope Leo in uh instead of uh in repres representing the king. Uh but now they get this uh this historic meeting together. Alem, thanks very much indeed. For now, uh let me just tell you what is happening here on St. Peter Square because uh we can see the uh Carabineri, the Italian military police at the ready. We think that uh King Charles's uh King Charles's car is going to uh come out of here uh imminently uh carrying the king and queen because they are then going to cross the city and go to the uh other hugely symbolic part of today. They will go to the papal basilica of St. Paul outside the walls uh which contains the tomb of St. Paul uh that the uh the English crown has for for centuries been involved in in upkeeping going back to Saxon times. Uh and uh we understand uh that that is uh that is imminent now. The departure of King Charles and Queen Camille to to that church and and at that church uh the king will be conferred with the title of uh royal confra that is a sign of the fraternity and unity. uh and also he will be given a seat a special chair uh which will bear his coat of arms and will be allowed to be used by him and his successors and heirs uh for centuries to come and uh that a sign uh of uh the another sign of symbolism and and and of unity between the two faiths. Salem that uh will also be an important moment of this visit and uh as as both the pope and the king get these are given these special titles by each other. Yeah. Again uh a striking gesture but like I say the two churches have long worked together. I know Church of England bishops go backwards and forwards working on various ecumenical projects together on various global issues together. Uh you might remember in early 2023 Pope Francis, the late Pope Francis and the then Archbishop of Canterbury Justin Welby traveled together uh for example to South Sudan to try to encourage peace. So you know for for a long time ecumenical projects and and work has gone on between the two churches. But again it will be a striking gesture in uh in in a stunning setting. St. outside the walls, one of the major basilas uh in Rome, just outside the uh the walls of the uh the ancient city. But as you rightly say, that was uh a basilica where uh Anglo-Saxon rulers uh were part of the upkeep. English kings and queens after that were part of the upkeep until the reformation when that stopped. So this is a recognition of uh that contribution that was made by by English kings and of course an extraordinary striking gesture indeed allem and uh the the symbolism the religious symbolism a backdrop to all of this but one can't help but but but mention also that another backdrop to this visit that I'm sure uh Buckingham Palace would prefer not to be so is the growing controversy and scandal over uh Prince Andrew and uh the growing controversy over his living arrangements on the Windsor estate and all the uh allegations of his association with the convicted pedophile Jeffrey Epstein which even though Buckingham Palace says of course they are completely aware of and and and you know they know that we are going to be talking about uh they will be hoping is not overshadowing this visit. Yes, I mean certainly uh it won't be overshadowing the visit necessarily from the Vatican point of view. Back at home, all eyes are on the royal family at the moment. For that reason, I think it's unlikely that Pope Leo, for example, will be drawn on the issue. He's he's very careful in what he says. We've seen uh since he was uh inaugurated as as Pope in May, he's he's been very cautious in what he says about uh political events around the world. He's really focused on working behind the scenes as a bridge. Sorry, I'm going to just interrupt you. Apologies because uh apologies Alen because we can just see the uh the car uh and the convoy of the king and queen just coming around the colonades uh of St. Peter Square and onto Via Deontat which leads up uh to the Vatican. You can see there the Italian Calabini, the military police at the front of that convoy. Uh, and then there is the king and queen. And there are the king and queen in their car with the royal standard above being followed by police vehicles as they make their way down via de la contri that effectively links Italy to the Vatican followed by uh the official cars at the end of their convoy and they will make their way across to the papal basilica uh and abbey of St. Paul's outside the walls which as Ali Mcbool our religion editor was just explaining there uh there will be also more religious symbolism there as uh King Charles is given the title royal confrata uh and uh there you can see the uh chapel uh from the uh cysteine chapel that was the moment of real unity that we have seen within the last hour the moment where uh the king and the pope prayed together the first British monarch and the pope group to to lead prayers together in five centuries."
"aUg-SL3fS1Q","US sanctions Russian oil companies after failed Putin talks | BBC News","The US has announced new sanctions targeting Russia's two largest oil companies in an effort to pressure Moscow to negotiate a peace deal in Ukraine.
 
The announcement comes one day after US President Donald Trump said a planned meeting with his Russian counterpart Vladimir Putin in Budapest would be shelved indefinitely.
 
""Every time I speak to Vladimir, I have good conversations and then they don't go anywhere,"" Trump said.
 
While the economic impact to Russia is likely to be minimal, it represents a major shift in Trump's foreign policy, having previously said he would not impose sanctions until European nations ceased buying Russian oil. 
 
The Kremlin said Russia was ""immune"" to the sanctions.

Subscribe here: http://bit.ly/1rbfUog

For more news, analysis and features visit: www.bbc.com/news 

#Russia #Ukraine #BBCNews","2025-10-23T10:30:01Z","bbc|bbc news|news|world news|breaking news|us news|world|america|usa|usa news|india news","25","en","en-GB","https://i.ytimg.com/vi/aUg-SL3fS1Q/default.jpg","https://i.ytimg.com/vi/aUg-SL3fS1Q/hqdefault.jpg","PT6M50S","91432","1440","788.0","public","UC16niRr50-MSBwiO3YDb3RA","BBC News","Welcome to the official BBC News YouTube channel. 

Interested in global news with an impartial perspective? Want to see behind-the-scenes footage directly from the front-line? Our YouTube channel has all this and more, bringing you specially selected clips from the world's most trusted news source.

For the latest news and analysis download the BBC News app or visit BBC.com. 
","GB","https://yt3.ggpht.com/v4JamQ9B-PUiJHjmZQs9UwTaoLQW8vijJMMpV5QvA2wHQ6iwWM8Q1s6O4jgTl0dtDigVWAi7SA=s800-c-k-c0x00ffffff-no-rj","18800000","27251","True","Ukraine has welcomed Washington's move to sanction Russia's two biggest oil companies ahead of EU talks today on using frozen Russian assets to fund Kev. The Ukrainian envoy to the US said that peace could only be achieved through strength. The sanctions targeting Russia's two largest oil companies, Ros and Lucille, are the first direct financial punishment that the Trump administration has imposed on the Kremlin over its invasion. It comes after President Trump said a meeting planned with Russian President Vladimir Putin would be shelved indefinitely. Well, overnight Russia again carried out strikes on Ukraine. Several civilians were reported to be killed and injured in the capital Kev and the second largest city of Hake. Look, these are tremendous sanctions. These are very big. Those are against their two big oil companies and we hope that they won't be on for long. We hope that uh the war will be settled. Uh we just answered uh having to do with the various forms of missiles and everything else that we're looking at, but we don't think that's going to be necessary. Uh we would like to see them just take the line that has been formed over quite a long period of time and go and let's you know go home. Every time I speak with Vladimir, I have good conversations and then uh they don't go anywhere. They just don't go anywhere. So in that sense, but no, look, he's fighting a war. He's in a war. That's two very competent sides, and that's the way war is. You never know with war. But uh I would say that it's time it's time to make a deal. A lot of people are dying. Well, at a two-day gathering in Brussels, EU leaders are expected to consider loaning Ukraine more than $160 billion funded by the frozen Russian assets. The idea has been proposed by the block's foreign policy chief, Kaakalas. Speaking to the BBC's Today program, she accused Vladimir Putin of trying to play Donald Trump. Here she is. Well, the work is still ongoing, but we have made a huge step. I think uh you know what is the fundamentals of this is that our taxpayers shouldn't pay for the damages that we haven't caused. It should be Russia who pays for the damages uh that they are causing in Ukraine. And it is also clear that the assets that have been frozen that we are not giving them back to Russia before they have paid uh the damages to Ukraine and Ukraine needs them now. But you think we won't be doing another interview with me saying will it happen? You think it's going to happen? Well, you never uh really uh can say that we are there until we are there and of course we are 27 different democracies and that's why you know we discuss these things because you know what Donald Trump says and he was referring of course to oil and gas purchases by European countries. They're funding the war against themselves. He says who the hell heard of that one because the Hungarians are buying 400 million euros worth of oil and gas. The Slovakians 275 million, the French 150 million. Why? Why can't Europe just say stop? Well, uh we have said stop and we have even uh you know really decreased our um you know purchases of of oil and gas like 80%. So a lot from the start but it's true that we are still buying and not all of us but few countries uh also big friends of of President Trump. So I hope that he delivers those messages directly as well. All of this is in the context of what does Donald Trump intend to do? There's a lot of talk about a 12point plan for peace. Whose plan is it and do you think Donald Trump will own that plan eventually? Well, uh those points have been put forward all the time by the Europeans. I mean there are a lot of issues like returning the deported children. I mean paying for the reparations uh also you know the territorial integrity and and sovereignty of of Ukraine all these issues. I think we have been very vocal about those topics and now the question the big question before any peace plan is really how to put the pressure on Russia to also come to the table and be genuine. Kai Kalisa talking to Nick Robinson. U the Ukrainian president Vadimir Zalinski will be joining European leaders at this summit. We're monitoring the live shot as leaders come to talk to the press. Ukraine war very much on top of the agenda after Zalinski failed to secure that deal for Tomahawk cruise missiles from Donald Trump at their last meeting which arguably didn't go as well as they had hoped. Let's cross over to our Ukraine correspondent, James Waterhouse, who joins us in Brussels. Uh James, so a lot of anticipation ahead of this meeting as leaders gather. Uh obviously the EU always supportive of uh Zalinski. He's going to really want to hear that support today. Absolutely. I mean, what the European Union has tried to do time and time again is both pressure Russia to change course in its invasion of Ukraine. I mean its 19th round of sanctions is going to be announced today. But it's also been trying to push Donald Trump to take more direct action against the Kremlin. And the this two-day meeting of EU leaders couldn't have had a better injection of impetus after the US president announced sanctions on Russia's two biggest uh oil companies. It it it injects momentum on an agenda that is packed. Frankly, it includes housing, migration, online regulation as governments grapple with ongoing challenges. But what strikes you being here is how defense and Ukraine still dominates. We've seen the block, as you've heard there, propose uh a sizable loan for Ukraine, 120 billion pounds worth to be funded by frozen Russian assets. It's also drawing up its own road map where it's going to spend trillions on its own defense to it says be ready for a Russian invasion or acts of aggression by 2030. There are a lot of political creases to be ironed out. It's very difficult to get any kind of broad consensus on these increasingly difficult issues. But if you're President Zalinski, who so far has left Washington with nothing, as you say, with the tomahawk missiles, this is welcome news as his European friends gather around the table today."
"HItEDzxkza4","Tess Daly and Claudia Winkleman to leave Strictly Come Dancing at end of current series. #BBCNews","","2025-10-23T09:57:30Z","","25","en","en-GB","https://i.ytimg.com/vi/HItEDzxkza4/default.jpg","https://i.ytimg.com/vi/HItEDzxkza4/hqdefault.jpg","PT33S","9648","123","29.0","public","UC16niRr50-MSBwiO3YDb3RA","BBC News","Welcome to the official BBC News YouTube channel. 

Interested in global news with an impartial perspective? Want to see behind-the-scenes footage directly from the front-line? Our YouTube channel has all this and more, bringing you specially selected clips from the world's most trusted news source.

For the latest news and analysis download the BBC News app or visit BBC.com. 
","GB","https://yt3.ggpht.com/v4JamQ9B-PUiJHjmZQs9UwTaoLQW8vijJMMpV5QvA2wHQ6iwWM8Q1s6O4jgTl0dtDigVWAi7SA=s800-c-k-c0x00ffffff-no-rj","18800000","27251","True","We have news. After 21 wonderfully joyful years on Strictly, we have decided that the time is right to step aside and pass over the baton. The very sparkly bat. Uh you've been here since the beginning, 2004 with Brucey, lovely Bruce. I mean, that's over two decades ago, and a lot of that time has been with you. It's been a huge part of our lives, hasn't it? is so lucky to have been part of this amazing show and we just want to thank the Strictly team because Strictly is the people who make it."
"p9tN5BOPCg8","King Charles arrives at Vatican to meet Pope Leo for historic visit | BBC News","King Charles and Queen Camilla have arrived in Rome at the start of a historic state visit to the Vatican, where they will meet Pope Leo in a symbolic display of unity between the Church of England and the Catholic Church.
 
A stronger relationship between the two Christian denominations is a ""bulwark against those promoting conflict, division and tyranny,"" said a statement from the King's spokesman.
 
The King, who landed at Ciampino airport on Wednesday evening, will become the first British monarch to pray with a pope since the Reformation in the 16th Century.

Subscribe here: http://bit.ly/1rbfUog

For more news, analysis and features visit: www.bbc.com/news 

#KingCharles #Vatican  #BBCNews","2025-10-23T09:29:13Z","bbc|bbc news|news|world news|breaking news|us news|world|america|usa|usa news|india news","25","en","en-GB","https://i.ytimg.com/vi/p9tN5BOPCg8/default.jpg","https://i.ytimg.com/vi/p9tN5BOPCg8/hqdefault.jpg","PT6M14S","13509","266","142.0","public","UC16niRr50-MSBwiO3YDb3RA","BBC News","Welcome to the official BBC News YouTube channel. 

Interested in global news with an impartial perspective? Want to see behind-the-scenes footage directly from the front-line? Our YouTube channel has all this and more, bringing you specially selected clips from the world's most trusted news source.

For the latest news and analysis download the BBC News app or visit BBC.com. 
","GB","https://yt3.ggpht.com/v4JamQ9B-PUiJHjmZQs9UwTaoLQW8vijJMMpV5QvA2wHQ6iwWM8Q1s6O4jgTl0dtDigVWAi7SA=s800-c-k-c0x00ffffff-no-rj","18800000","27251","True","Now, King Charles has begun an historic state visit to the Vatican. He and the Queen are due to meet Pope Leo for the first time since he was elected. The king will become the first British monarch to pray publicly with the Pontiff since the breakaway from the Catholic Church and creation of the Church of England in the 16th century. While the visit comes as questions remain over the king's brother, Prince Andrew, and his links to the convicted sex offender, Jeffrey Epstein. The prince has always denied any wrongdoing. Our royal correspondent Daniela Lar is at the Vatican. Landing in Italy, escaping the pressures at home for a state visit to the Vatican Buckingham Palace has described as historic and hugely significant. On this trip, the king and pope will pray together in the cyine chapel. The first time a monarch and pontiff have done that in around 500 years. It will be a powerful moment of religious unity in a week when family troubles have dominated. Together at St. James's Palace this week, the king and prime minister on duty promoting British interests. But lurking in the background, questions around the Prince Andrew problem just intensify. His 30 room mansion in Windsor Great Park at the heart of political scrutiny. Mr. Speaker, given the revelations about Royal Lodge, does the prime minister agree that this house needs to properly scrutinize the crown estate to ensure taxpayers interests are protected? The chancellor herself has said that the current arrangements are wrong. So, will the prime minister support a select committee inquiry so all those involved can be called for evidence, including the current occupant? Prime Minister. Well, it's important in relation to um all properties, crown properties, that there is proper scrutiny. I certainly support that. Prince Andrew's lease for Royal Lodge was frontloaded. In 2003, he paid a million pounds to move into the property and then 7.5 million to do renovations required under the lease. The money up front meant in effect he pays no rent. Where Prince Andrew sourced that level of cash is unclear. Buckingham Palace said he now receives no money from the royal family from any source. But for the next 24 hours, the focus will shift to Vatican City. And for those attending events, this is a timely state visit for the king. Well, I think in the essence of prayer, we bring before God our weakness and troubles. And I have no doubt at all that family difficulties will be in the heart of both the pope and the king as they as he were place themselves before God and ask for grace and strength to live through all the difficulties that we all have in life. These are far from perfect circumstances in which to start a trip of this kind. But Buckingham Palace hope its message of unity and faith will make an impact. Daniela Ralph, BBC News. Well, let's show you the live scene looking out at the Vatican as King Charles prepares to arrive there for his meeting with Pope Leo. Well, let's speak to our correspondent Mark Lohan who is also at the Vatican for us. Hi, Rajie. Yes, good morning. uh on a really symbolic historic day here at the Vatican. It was it back in 1534 that King Henry VIII broke with uh Rome and set England on the path to Protestantism, created the Church of England. And then for many centuries there was real mistrust between the Church of England and the Catholic Church. In recent decades, uh there has been a warming of relations between the two wings of Christianity. And yet today will be that really that the climax of that kind of unity and and reconciliation as King Charles III becomes the first British monarch uh in five centuries to pray alongside a Catholic pope, Pope Leo I 14th inside the Systeine Chapel uh just behind me there in the splenders of Vatican City. And uh they will pray beneath the frescos of Michelangelo in the Systeine Chapel where Pope Leo himself was elected pontiff back in May. and prayer is often a very private moment. Uh so in the fact that it will be filmed by Vatican TV in itself is unusual and yet on top of that you've got this extreme extremely important symbolism of the two faiths coming together. Uh now what we're expecting this morning is before that prayer uh King Charles and Queen Camila will arrive. They will meet uh Pope Leo. It'll be their first meeting. First meeting of course of two heads of state because the pope is also head of state of the world's smallest independent state, the Vatican. Uh then uh Queen Camila will be given a tour of a of a of a chapel called the Pauline Chapel. Um and then they will go into the Systeine Chapel for that moment of prayer and then later on in the afternoon Rajini another symbolic moment as the king and queen are taken by the pope to the basilica of St. Paul outside the walls outside uh the Vatican where the king will be given a special seat engraved with his coat of arms and conferred with a title of royal confrater signifying the kind of unity and and confraternity once again between the two churches. Uh the English church traditionally was involved in the upkeep of the tomb of St. hall in that basilica and that seat can be used by King Charles and his successors in decades and centuries to come. So uh the both Buckingham Palace and the papacy very very keen to emphasize the symbolism of today. But as you heard there in Daniela's report of course looming large in the background to all of this back in the UK is the deepening scandal over Prince Andrew and Buckingham Palace very much very much hoping that the that the importance and symbolism of today is not overshadowed by that. Indeed. Mark loan in the Vatican. Thank you very much for the moment."
"rurJEcQIWYw","New York City mayoral candidates clash over Trump and political experience | BBC News","The three candidates for New York City mayor took the stage for the final time ahead of Election Day in early November.
 
Zohran Mamdani, Andrew Cuomo and Curtis Sliwa frequently clashed as they challenged one another's political records and experience.
 
The debate covered a wide range of topics, including President Donald Trump, candidate qualifications and antisemitism.
 
Subscribe here: http://bit.ly/1rbfUog 
 
For more news, analysis and features visit: www.bbc.com/news 
 
#NYC #BBCNews","2025-10-23T03:39:05Z","bbc|bbc news|news|world news|breaking news|us news|world|america|usa|usa news|india news","25","en","en-GB","https://i.ytimg.com/vi/rurJEcQIWYw/default.jpg","https://i.ytimg.com/vi/rurJEcQIWYw/hqdefault.jpg","PT1M57S","17217","210","194.0","public","UC16niRr50-MSBwiO3YDb3RA","BBC News","Welcome to the official BBC News YouTube channel. 

Interested in global news with an impartial perspective? Want to see behind-the-scenes footage directly from the front-line? Our YouTube channel has all this and more, bringing you specially selected clips from the world's most trusted news source.

For the latest news and analysis download the BBC News app or visit BBC.com. 
","GB","https://yt3.ggpht.com/v4JamQ9B-PUiJHjmZQs9UwTaoLQW8vijJMMpV5QvA2wHQ6iwWM8Q1s6O4jgTl0dtDigVWAi7SA=s800-c-k-c0x00ffffff-no-rj","18800000","27251","True","We just had a former governor say in his own words that the city has been getting screwed by the state who was leading the state. It was you. Joron, your resume could fit on a cocktail uh napkin. And andrew, your failures could fill a public school library in New York City. And you've literally never proposed a bill on anything that you're now talking about in your campaign. Andrew, you didn't leave. You fled from being impeached by the Democrats in the state legislature. What is your opinion, Zoron? Come on. Yes or no? What is your opinion? Yes or no? Truth. I've had a lot of dealings with President Trump. Uh, and there's only one way to deal with him. He puts his finger in your chest and you have to put your finger right back in his chest. My adversaries have decided to bump chests with President Trump to prove who's more macho. You can't beat Trump. You're wrong. Uh you're going to have to confront President Trump. And you can beat him. I confronted him and I have beaten him. We first just heard from the Republican candidate for mayor and then we heard from Donald Trump's puppet himself, Andrew Cuomo. My sons are afraid. their family, their friends, many in the Jewish community are concerned if you become mayor. Not once spoken in support of global jihad. That is not something that I have said and that continues to be ascribed to me. And frankly, I think much of it has to do with the fact that I am the first Muslim candidate to be on the precipice of winning this election. If there was a rank choice election, how would you vote, Mr. Mandani? If there was a rank choice election in this, you'd have to rank these number myself number one and Curtis number two. Mr. Siwa. Oh, please don't be glazing me. Here is all right."
"EDs989rozj4","Why are survivors quitting the grooming gangs inquiry? | BBC Newscast","Today, concerns are growing over the government’s handling of the set up of a national inquiry into grooming gangs. Two potential candidates to chair the inquiry have withdrawn their names from the process and four survivors have quit the panel assisting it. 

Adam and Chris are joined by BBC Special Correspondent Judith Moritz to discuss why this has become such a challenge for the government.

Plus, economics editor Faisal Islam explains why the price of orange juice has risen by 134% in the last 5 years and what it tells us about today’s inflation figures.","2025-10-22T20:51:28Z","bbc|bbc news|news|world news|breaking news|us news|world|america|usa|usa news|india news","25","en","en-GB","https://i.ytimg.com/vi/EDs989rozj4/default.jpg","https://i.ytimg.com/vi/EDs989rozj4/hqdefault.jpg","PT31M52S","11178","133","","public","UC16niRr50-MSBwiO3YDb3RA","BBC News","Welcome to the official BBC News YouTube channel. 

Interested in global news with an impartial perspective? Want to see behind-the-scenes footage directly from the front-line? Our YouTube channel has all this and more, bringing you specially selected clips from the world's most trusted news source.

For the latest news and analysis download the BBC News app or visit BBC.com. 
","GB","https://yt3.ggpht.com/v4JamQ9B-PUiJHjmZQs9UwTaoLQW8vijJMMpV5QvA2wHQ6iwWM8Q1s6O4jgTl0dtDigVWAi7SA=s800-c-k-c0x00ffffff-no-rj","18800000","27251","True","The setting up of a national inquiry into child grooming gangs in the UK has descended into chaos. Lots of the survivors who were involved in advising the inquiry have withdrawn because they're not happy about how it's shaping up. And two of the people who were touted as potential chairs have withdrawn because of the criticism that they've faced. We will discuss what is going on and what it means on this episode of the BBC's daily news podcast newscast. Well, we can catch up with Chris who's at Westminster. Hello, Chris. Hi. And also our special correspondent, Judith Morris. Hi, Judith. Hi, Adam. Where are you geographically? Judith. Gloria Sulford. Okay. Oh, inside in an office for once rather than indoors. Yes, that's makes a change. Um um before we dive into the politics of of today, I just wonder Judith, where is a good place to kind of go back to for this for this story? Good question. Um well look let's start I guess by just reminding ourselves of why we are in the place we are talking about a national inquiry at all because you you remember all the back and forth about this at the start of this year. The government resisted initially a national inquiry. The plan at the beginning of the year was for there to be local inquiries, five local inquiries, but there was a a review and audit commissioned uh which was carried out by Baroness Louise Casey and as part of that she recommended that there should be a national inquiry. Now I mean this is complex um but what she said very clearly at the time was she didn't want it to look like other public inquiries. You know, there have been a raft of different inquiries in the past which touch on this subject, not least, of course, the longrunning Ixa, you know, the independent inquiry into child sexual abuse. But there's been a feeling uh widely accepted that no one's got to grips with the specific issue of grooming gangs. And when Louise Casey looked at this, she was particularly looking at whether or not enough local authorities and and regional areas were likely to take up the the idea of of local inquiries. Tony Olden put its hand up and she said I think it needs to be national but it needs to be local in inquiries which feed into a national umbrella not something which takes on the same form as uh not a judge-led inquiry necessarily but something new and you could say well maybe that now is why we are where we are because it's being fought over the terms of reference the concept of who will chair this what it'll look like how it will run. That's up for grabs. That's what's being debated and clearly people are falling out over it. And also Chris, just the politics throughout this year, the way the government was sort of justifying this and saying it wasn't a U-turn was that they put in place a process under Louise Casey that could have led to this outcome and they were just following the process and Luis Casey changed her mind about whether to have a national inquiry. So therefore it's okay for the prime minister to to change his mind. And also as Judith was saying this wasn't a repeat of the big child abuse inquiry. This is a quite targeted thing. And also I remember at the time Luis Casey saying so much of it was just about forcing different local agencies and different bits of local government to actually talk to each other in a way that a local inquiry couldn't do. Yeah. There's been a kind of arc to this political argument going back to the the beginning of the year and the prime minister's trying to make the case that he has followed a kind of logical procedure if you like even if it has taken some time with the work that Baroness Casey did earlier in the year and then that decision I remember I was with the prime minister on a plane on the way to the G7 summit in Canada when he told us middle of a Saturday afternoon I think it was that there would be um this uh statutory uh inquiry and that it I've just been looking back at my notes actually from that day, 14th of June. Setting it up will take a bit of time, he said. Well, that's definitely turned out to be the case and and then now the politics around uh around what it amounts to and who chairs it. And I'm struck, Adam, and we can talk about how it came up at Prime Minister's questions because it was the dominating exchanges between the prime minister and Kemmy Badnockley, Conservative leader. But taking half a step back from it and just reflecting on what Judith was saying, I'm struck that at the heart of this that the government is is having to wrestle and in public with the reality of the utterly bleak nature of this and the fact that at its heart are victims who have been let down in the most profound way by agencies of the state. And you now have a government attempting to grapple with this and set up an infrastructure, an inquiry that can attempt to get to some answers. But in so doing, yeah, of course, is is dealing with a a range of people who have been persistently let down. Some of whom are then now not happy with the process that's underway. and and the nature of that is then playing out in real time whilst the government is still trying to go about trying to find the right per the right person to lead it conscious that they'll want to ensure that when a decision is taken firstly as the prime minister acknowledges perhaps not everyone will be happy but that also that that person is is up for the longevity of the challenge ahead so that this isn't a recurring problem for everyone involved in this where they might have to come back and and find somebody else. Yeah, and we'll talk about the appointment of the chair in a second and also how it played out at Prime Minister's questions on Wednesday lunchtime. But first, Judith, just in terms of the the victims and survivors who've been on the panel advising during the setting up of this inquiry, we've now got a situation where well, as we're recording on Wednesday evening, four people have withdrawn from that panel, but equally a few people on the panel have come forward saying they disagree with some of the people who've withdrawn. Yeah, it's clear that there's a a division of opinion that not everybody uh has the same view that all survivors have the same view. I think that's to be expected. You know, whenever I've covered stories in the past, very different to this, but public inquiries or legal processes involving survivors and victims of of difficult situations, attacks, tragedies, whatever, you will find it's a mistake to take the the the view that everyone has the same opinion. and and I don't know whether that was perhaps a naive assumption here uh amongst officials who were looking at this you know let's take a sounding board of some views of different survivors and we should then be able to take that box and move on but certainly I've been speaking to survivors of grooming gangs over the last couple of days particularly have heard of Fiona Godard who's been very vocal she's waved her right to anonymity and she was the first person to resign uh others by the way who haven't given up their right to anonymity. And I think that is another thing to just mention here is it makes it difficult to get a sense of how many survivors at the moment are are closely plugged into this process because you know there are people who are keeping their anonymity. We don't know everybody who's involved. Some of those have come out vocally um have chosen to do that. Others are quietly, you know, getting on with it, either staying involved or perhaps not or considering pulling out. It's hard to get a a sense of the full scale. But the two issues that the sort of the division seems to be around is first of all the scope of the inquiry to use a very civil servants word like how many things and different issues this would actually look at and then yeah the personnel who's going to run it. Yeah. And I think so the scope first of all um you know if you ask me for my take on that it's it's I think when when I'm talking to these survivors they're saying look we don't understand why this is even a subject for debate because when Louise Casey recommended it she recommended it as a national inquiry into grooming gangs full stop laser focus this subject only we don't need a broadbased inquiry they say that's what I was we've been there and and there wasn't enough focus on the specific specifics of this subject. Now, why are they worrying about this being too broad brush? Well, I've seen notes that was shown to me from the agenda of one of the meetings that the survivors had as part of the panel process before this inquiry gets going, these consultation process conversations happening. And one of the questions they were being asked was, should this inquiry have an explicit focus on grooming gangs or group based CSA or should it take a broader approach? And the fact they were even being asked that question offended some of them. They felt that that was something which had already been settled by Louise Casey and her recommendation. And even if the terms of reference for this inquiry are still being hammered out, they feel that shouldn't be one of the things which is at issue. So that's why they're saying it's too broad brush. We're worrying about it. The identity of the chairperson is a whole other conversation. And there you'll know that the two prospective candidates we know about, both of whom have now withdrawn, one a former police officer, the other a former social worker. There's an an argument that there are some survivors saying that's too close to home. social services, police forces are two of the main uh agencies we know have failed. They shouldn't be providing former members of staff to chair an inquiry like this. There's other survivors who are very happy with that kind of arrangement because they feel it's relevant. It brings relevance to the process. So there's a you know that again is somewhere that people are are disagreeing. And Judith, the former police officer you referred to there was Jim Gamble, uh, who was also previously the boss of something called COP, the Child Exploitation and Online Protection Safety Center. Pops up on the news talking about these issues quite often. I've interviewed him loads of times and he was on the the news channel today and he actually had some quite harsh words for the the political system as a whole. All you have to do is is is to to scan Twitter or to watch any of the parliamentary debates on this to see the level of adversarial approaches that that that are being taken. Rather than politicians think, look, we've got the opportunity of a generation um to do the right thing for these children and young people, these survivors of this awful abuse. People are using it instead for party political point scoring opportunities. That's just not acceptable. And what it does is it misinforms and misdirects so many people and and I worry that victims and survivors who watch this are are left with a feeling that this is never going to be resolved. Yeah. So Chris, what's your take on just the politics of this today, this week, this year? It's inevitable. I think you know I'm I'm always conscious. You think of so many issues where there will be a desire perhaps that things don't become political or the politics could be taken out of it. And my instinct having kicked around this post code at Westminster for a long time is that is that the polit politics is inevitable particularly when issues are as fraught and uh inevitably lead to uh strong feelings. PMQs today dominated as I say by this issue at least the main exchanges of prime minister's questions between Kam Veno and um and Kia Star K Bok accusing the government of engaging in a briefing war against survivors um which really annoyed and I think upset some Labour front um and backbenches the prime minister acknowledging that these are the hard yards in the context of getting things up and running and you know an acknowledgement of the bumps of the last few days, but insisting that the scope won't be diluted and the inquiry won't shy away from cultural and uh religious issues and then pushing back against the claims that some have suggested that it's a um that it's a a cover up. From what I hear within government, they they know as the prime minister acknowledged publicly that this is difficult and that these are the hard yards, but that in their view getting the the casting right the first time uh is absolutely key so that this doesn't develop into something that critics could suggest was a kind of rolling mess really. uh and that if it takes some bumps at the start, it might be worth it in order to get something up and running that is um that is sort of believed and trusted and on on the particular nature of who you get uh to to run it to chair it. The prime minister pushing back against the argument that some have made including the conservatives that it should be judgeled. the prime minister uh pointing back to what Dame Louise Casey said which is that if you go down that route uh the danger is that you can't run or you're less likely to have simultaneously running police inquiries and the government I think very keen that this gets up and running by the relative speed of these things quite quickly and that you can do that uh if you have if it's not led by a judge in a way that might not happen if it if it were to be and Judith in terms of speed and trying to keep the ball rolling while they look for a permanent chair. Guess who's come back? Louise Casey. She's now going to be involved in even more in setting this thing up. So, it sort of feels like there's still some momentum. Yeah. Although not the suggestion that she would chair it and actually from the get-go when this recommendation when she made that recommendation back in June and I spoke to survivors then and said, ""Who would you like to get involved? Who do you want to chair this?"" They said, ""Louise Casey, please."" Um so you know yeah it is look there are some uncomfortable reminders here uh of IXA because you'll remember that that inquiry went through three chairwomen before the fourth professor Alexis J took the reigns nobody wants to see teething problems here of that ilk but you know normally when I cover public inquiries like the Manchester Arena inquiry the Southport attack inquiry which is running at the moment or the Fill Wall inquiry uh into the the Lucy Leppy um situation at the hospital in Chester. Those follow the same kind of path generally. You know, the inquiry is announced, the chairperson's appointed, the terms of reference is set and then although there is consultation generally with stakeholders with with victims and survivors, things get going relatively seamlessly because the parameters are well established from the beginning. They have to be before the hearings can start. this was never going to be a public inquiry in that mold. Louise Casey said she didn't want that and and so it was always I think we always expected there to be challenges. Um the question is going to be as Chris has just said, you know, can they overcome those in short order to be able to get this going underway and crucially with the confidence of the people who've been calling for it for so many years. And also Judith, just picking up on your last point there about previous inquiries. You've got to remember these are usually quite timeconsuming, painstaking things, and quite often that conflicts with the strong emotions and people's desire for for justice or a solution or an answer because they've been going through this for years, decades even. Yeah. Which is why actually uh the the case management if you like the terms of reference the structure of the thing is so critical because even if it's going to take a long time if there's focus and purpose and people can understand the rationale behind that and and see that it is proceeding if you like in the right direction you'll carry that confidence of those involved along with you. It's it's where things perhaps feel amorphous, not quite set in stone yet. Nobody quite knows how this is going to work. I think at this stage it feels that that confidence is ebbing away, but it's there to be regained. And I'm saying that actually only of course in relation to the survivors I've been speaking to who've pulled out. We mustn't forget there are others still very much on board. And so you know where are we going to net out ultimately? They need to keep the confidence of as many of those uh people as possible. Judith, thank you very much. Thanks. And Chris, thanks to you too. Cheers. Now, why we should all care about the soaring price of orange juice, although actually the signs that it might stop soaring or has stopped soaring in the last few months. Fisel Islam BBC economics editor has written a fantastic essay for the BBC in-depth section of the website where he has taken apart nay unpeeled all the reasons why we should care about this breakfast staple and fisel is on newscast down the line right now. Hello Fisel and Fisizel is here. Hello. Hello Adam. I actually read your long read on the BBC news website over breakfast. No, I don't mean I I wasn't suggesting I'd actually read it. I meant I actually read it over breakfast, but I'm not I'm not really an orange juice consumer. Okay. So, I only have it when I when I check into a hotel and I've got breakfast included. Okay. Well, that's good. Yeah. No, it's it's it's it's the fact that it's such a staple and that it's we all know what's in it. Well, kind of up to a point, but so simple that makes it quite a nice way to track inflationary pressures everywhere around the world. So, so yeah, it was it was a it was a great idea to just try and take the example of one product. And in terms of prices, what are we looking at? Oh, they've gone up hugely. I mean, everyone does notice it. And it's the sort of I don't they call it the sticker shock in the shops, but it's kind of cafe shock, the glass shock, but yeah, if you're talking about kind of standard carton, a fairly basic orange juice, well below a pound, 7080p 5 years ago, now 1.7182. So that's kind of more on double the more more sort of natural sound sort of bit bit with bits in it pure 100%. It's all different varieties and that's part of the issue. They've gone up 30 40 50% over 5 years. A lot of that has happened over the past 12 months for you know for reasons we can we will we will get into. Um but yeah yeah it's um it slightly depends on what type of orange juice but there's some common factors. Well, let's I mean there's loads of factors that we can unpick um or unpeel see as we're talking about oranges. First of all, let's talk about just the the structure of the global orange market. Why is that important here? Well, well, it really matters and it's because if you orange is such a simple product and although obviously we can't grow them here, there's a large belt of the of the center of the world uh where they can be grown because of the because of the climate. You would expect that even if it was problem problem in one particular area they'd make up for it somewhere else. Um that hasn't happened. Orange production is hugely concentrated on one country which is Brazil. That is not an accident. If you look at the history that's the result of the kind of cultivation of Brazil by the US multinationals that created the orange juice market. It was America that created, if you like, the and commoditized orange juice. And that stems back to World War II where they were specifically looking, the US kind of army scientists for ways to send out vitamin C to the troops and didn't quite make them make to them on time. But actually older newscasters will may remember or even have the kind of uh the rations. Orange was a key part of what was called welfare foods, the the creation of the welfare state in the UK. Uh but then eventually Minutemade um it commercializes it on orange juice after the war. It booms in America. It becomes part of the American dream. It becomes a health drink. It becomes particularly fed to children. Uh and in particular they cultivate Brazil. They develop Brazil as the market to to as as as the source to to essentially serve the market in the US and it goes global. And now though that started to reverse as people question the health benefits in terms of the amount of sugar. But in areas of the developing world that are becoming more middle class and having breakfast and want to feel in their way sophisticated with a bit of consumption is going up. Whereas in areas of the developed world where they're thinking about sugar levels it's going down. Actually in UK it's still going up. Um, so that's so so so that's the that's the broad structure of the market, but it's very concentrated on Brazil, very dependent on Brazil. And in Brazil, there's been this disease called citrus greening that's taken out in some parts, twothirds, not taken out, it's kind of greatly reduced the crop in two/irds of the trees. And then on top of that, you've had huracans and the effects of climate change and production in Florida, which is the home of this stuff, uh, down at Great Depression levels. And there's a bit of a Trump trade tariff angle. There is that has complicated matters and it kind of goes in different directions on different days. Uh clearly the Canadians saw orange juice as a sort of seinal toemic product that they could hit back on. Justin Trudeau, the former prime minister, said we're going to have to get used to not drinking so much Florida orange juice. They slapped a big tariff on it. In any event, the tar even maybe before the tariff, demand for Florida orange juice went down in Canada as a sort of patriotic kind of push. Um, they also tried to use it against Brazil. But this is interesting because it shows the limits of this. Uh, they were going to put 50% on everything from Brazil because of some of the problems that Donald Trump has with the Brazilian government, the leftwing government in Brazil. um but they couldn't do in the end because it would have been so femininal, so tomic on the American breakfast table had this tariff been passed through and it ended up being 10%. But that's also played havoc with the price which has fed through eventually into the supermarket shelf prices that we discussed before. And then there's just how the price rises are passed on to us the consumer because it's not a straight line from the increasing cost of the raw materials to increasing cost on the shelf. Absolutely. Um and so and it raises questions about the stickiness of prices. So I described it run up hugely. It has actually fallen back now as the crop in Brazil does okay. That has not filtered through into the shops. There's two or three reasons for that. Firstly, they uh it's just and you have to talk to people actually buying the product at this point. The graphs don't do it justice. And they talk about the panic of trying to buy this orange and get it out of Brazil and there wasn't enough in Brazil and they paid the top dollar. Even though it went up to, you know, to the equivalent of $5 per per kilo, uh, which is normally one to two, they were paying seven because they just needed it. They can't not have it. And they couldn't get it out of Florida. So you have the So what did they do? They stockpiled this frozen stuff because they take the water out, they freeze it, they send it around the world in big green drums. Who knew? um and then uh they couldn't take it and then they have to use it. They have to use all that stuff they paid seven bucks for. So So that's a factor. Then then you have to you know the the supermarkets maybe held their prices when they were paying more and now they maybe need to make some of that back. Maybe the in general uh the consumer has got used to paying two pound and not one pound for basic orange juice4 and not three pound for pure orange juice. And if you're a producer, you think maybe I should accommodate this new price point rather than wind things back to where they are. So what you're seeing is uh different blends. You're seeing different sizes. You're seeing a sort of try a reinvigoration of it as an attempted health drink. And in particular, and I didn't notice this until I noticed it really. I thought the proliferation of like orange with apple, orange with mandarin, orange with clementine. I just thought that was like being cool, like flavors, but it's like totally economic. Oh, everything's economic, Adam. But like this is even more economic. It It's a cheaper way of getting the same level of sweetness because I think people might notice I'm interested to know what you guys think that the sort of average normal plain orange juice is is less sweet than you may have remembered three or four years ago. And that's a direct result of some of the factors that we that we've seen. And also you hinted at this earlier in the conversation that actually there's a generation of people and also just various groups of people who are a bit more skeptical of the health benefits of orange juice and so that changes the the the the market as well. Yeah. So back in the day around the second world war when this was developed they were trying to fight scurvy and it was vitamin C and that was the that was the genius sort of medicine that you drank that was also fulfilling. Now, of course, sugar, obesity, there's been a backlash and in particular, uh, kids that maybe 25 years ago would have ordinarily had orange juice every morning at breakfast aren't getting it for health reasons and so are not developing a habit. It's so interesting though because I've just made a note of all the factors that contribute to the the price changes of just one product. And you've and basically you've gone through the structure of the market for the commodity globally. Then like external biological factors like whether there's a a disease or an earthquake or a flood or a fire somewhere that affects the the raw materials. Then you've got the trade policy of individual countries particularly America. Then you've got the factors in the shop like how much are they also having to pay on I don't know increased national insurance contributions for their staff and how much product have they got. Then you've got how the producers are dealing with it and actually do they have stuff they have to get rid of or stuff they have to replace. And then you've just got the fact that we're in a giant global market now. And so the tastes of the middle classes in India and China have an impact on what products we have in the shelves in the UK and how much those products cost. That's kind of like six things that then get boiled down to one number which is the inflation in one particular food item. No, absolutely. And we see similar things in other commodities. And I think the general thing for me is is is like why now that the global market price has fallen not quite the pattern we're seeing is we've seen a big run up in commodities prices uh partly during the pandemic and and after the lockdown obviously during the energy crisis and then a bit more over the past year and in many cases that has fallen back. We've seen that in things like cocoa. We've seen that in other areas but the prices are not adjusting. So people quite rightly at home are thinking are we going to get back to normal and I'm trying to explain why some reasons why they have not that said I think there's a reasonable argument now are we getting to the point now with retailers and with the supermarkets where customers will start to question well hang on you should really be passing on some of these price changes back to us so we can feel it in our pockets. It may just be and and as it happens, the food price inflation numbers did come down a bit more than expected this morning. They're still they're still pretty high, but they have come down. Having just said like there are loads of factors about why you shouldn't just boil things down to one number. I mean, we have boiled things down into one number today in in the world of journalism and politics which is the inflation number which is 3.8% according to the office for national statistics. So, it's kind of lower than people were expecting this month and there's consequences of that. But I mean it is means that prices are still going up by on average 3.8%. Yeah. So so that what place is it in that's not great. It's double nearly double the target. It's higher than the G7 peers. It's not where you'd want it to be. What but the markets factor all that in already, right? And then you're like what's the direction of travel now? And so a surprise even what would appear to be a modest surprise. So we thought it would go to 4% or above. That was the expectation and it stayed at 3.8%. 8% has people questioning the dominant narrative and the dominant narrative that had emerged over the past couple of weeks is the UK is starting to look like an outlier on inflation and there's maybe something pro problematic in the stickiness of the economy is it that the tax rises have been passed on is it you know what is it there do we have to treat Britain differently and I think this starts to say well okay maybe we don't maybe there was just a bit of a bump maybe this is all going to be um okay okay you know so a market is just a bunch of opinions which fight against each other and so that one today seems to be a bit more dominant and the expression of that I would say the proof point here is that the markets are now starting to think actually the inflation outlook is going to go down from here food prices they say may well have peaked now food price inflation sorry and therefore the bank of England now having oomed and aed the markets over whe this is going to happen might just have the space for a further rate cut this this year that Andrew Bailey might attempted to dawn his Santa hat and give a rate cut to the country in in December. And that in turn, something we've talked about loads, uh, Adam, has led the market rates for government borrowing to continue their their downward fall in in a way that like, you know, is is now notable. Oh, and just before I let you go, another food related news story today, which is that penguin biscuits, they can't call them chocolate covered anymore. Yeah. Well, this is and I know you've been at the dentist recently, so maybe this is not the most appropriate orange juice to start and then a chocolate chocolate flavored biscuit to end, but I have I have been at the dentist. This is true. Um the um so this is if you like inflation, hidden inflation expresses itself in the size of the the size of your goods, but also now in the labeling of the goods. And in this case, cocoa prices have spiraled. I think from something like $3,000 up to 112,000 per or I've forgotten which metric unit it is now, but like anyway, uh the chart is extraordinary. And I think it was more expensive than copper and and crude oil at one point uh per per gram. It's fallen back again. It's halfved. It's still much higher than than it was. And the net result is how they respond to that the manufacturers is they cook cut the cocoa content and they've cut it below the threshold for what counts as chocolate which I think is 20 to 25% and it depends Brexit whether we're in the UK or the EU but like so yeah so it doesn't count as chocolate and it's now chocolate flavored. These conversations always remind me of the time I bought a jar of cinnamon in the corner shop and I dropped it on the way home and I just thought if I was a medieval spice merchant, my entire business would have been destroyed by this jar of cinnamon falling on the floor and only half of it fell out. And then I stopped in another shop on the way home and bought a tiny little jar to decant what was left into, thinking that I've probably saved millions per ton. No, you're sounding like me in pine nuts. Pine nuts. We were my my I was trying to my my uh my other half was trying to make some pesto and said we need to buy some pine nuts and I couldn't it was like it was I it didn't make sense making the pesto. The pine nuts are like they they're like little golden nuggets. They're extremely expensive. So anyway, there's a there's a top cooking tip as well as an economic tip. I'm feeling a whole new newscast basket of goods coming on. Pine nuts, cinnamon, uh, chocolate flavored drinks, biscuits, chocolate orange, uh, orange concentrate, orange not concentrate. Anyway, Fisel, thank you very much. Great to see you. And that's all for this episode of Newscast. Thank you very much for listening. We'll be back with another one very soon. Bye-bye."
"VdEyjUKjgDs","Woman fined £150 for pouring coffee down drain in London. #Coffee #London  #BBCNews","","2025-10-22T19:00:37Z","","25","en","en-GB","https://i.ytimg.com/vi/VdEyjUKjgDs/default.jpg","https://i.ytimg.com/vi/VdEyjUKjgDs/hqdefault.jpg","PT50S","111287","1859","568.0","public","UC16niRr50-MSBwiO3YDb3RA","BBC News","Welcome to the official BBC News YouTube channel. 

Interested in global news with an impartial perspective? Want to see behind-the-scenes footage directly from the front-line? Our YouTube channel has all this and more, bringing you specially selected clips from the world's most trusted news source.

For the latest news and analysis download the BBC News app or visit BBC.com. 
","GB","https://yt3.ggpht.com/v4JamQ9B-PUiJHjmZQs9UwTaoLQW8vijJMMpV5QvA2wHQ6iwWM8Q1s6O4jgTl0dtDigVWAi7SA=s800-c-k-c0x00ffffff-no-rj","18800000","27251","True","Did you know it's illegal to pour a little bit of your drink down the drain? Well, a woman in London found out the hard way when she got fined 150 quid for doing just that. Or Yeselort got rid of the last bit of her coffee down the drain as her bus was pulling up cuz she didn't want to spill it. She says she was then stopped by three officers who told her what she had just done was against the law under section 33 of the Environmental Protection Act 1990, which says it's an offense to deposit or dispose of waste in a way likely to pollute land or water, including pouring liquids into street drains. Clearly uh not many people knows this is um against the law. Maybe some signs around the bins or bus stops to let the people know uh they wouldn't be able to pour anything. A spokesperson from Richmond Council said it's committed to protecting Richmond's waterways and keeping the streets clean and safe and that residents who feel a fine has been issued incorrectly can request a"
"wX5I5xwEorA","Migrant removed to France returns to UK on small boat | BBC News","A migrant has returned to the UK on a small boat after being removed to France under the ""one in, one out"" scheme less than a month ago, BBC News understands.
 
The Guardian newspaper reported that the man claimed to have been been a victim of modern slavery at the hands of smuggling gangs in France.

The Home Office declined to directly confirm the report but said a migrant had been detained and their removal was being sought as soon as possible.
 
Forty two people who arrived in the UK illegally have been removed so far under the scheme in which the UK agrees to take in asylum seekers who have a case for protection.
 
Subscribe here: http://bit.ly/1rbfUog

For more news, analysis and features visit: www.bbc.com/news 

#France #UK #BBCNews","2025-10-22T18:32:51Z","bbc|bbc news|news|world news|breaking news|us news|world|america|usa|usa news|india news","25","en","en-GB","https://i.ytimg.com/vi/wX5I5xwEorA/default.jpg","https://i.ytimg.com/vi/wX5I5xwEorA/hqdefault.jpg","PT2M28S","137364","685","1355.0","public","UC16niRr50-MSBwiO3YDb3RA","BBC News","Welcome to the official BBC News YouTube channel. 

Interested in global news with an impartial perspective? Want to see behind-the-scenes footage directly from the front-line? Our YouTube channel has all this and more, bringing you specially selected clips from the world's most trusted news source.

For the latest news and analysis download the BBC News app or visit BBC.com. 
","GB","https://yt3.ggpht.com/v4JamQ9B-PUiJHjmZQs9UwTaoLQW8vijJMMpV5QvA2wHQ6iwWM8Q1s6O4jgTl0dtDigVWAi7SA=s800-c-k-c0x00ffffff-no-rj","18800000","27251","True","Now, one of the first migrants to be deported to France under the government's one-in oneout deal has re-entered the UK on a small boat. The BBC understands that the man, who is an Iranian national, first arrived in the UK in August. He was sent back to France in September, but then came back across the channel 4 days ago. Andrew Harding has the story. The man, reportedly an Iranian national, first came to Britain from France earlier this summer on a small boat. Weeks later, he was on his way back by plane to Paris. An early and clearly reluctant participant in the government's one-in, one-out scheme in central Paris. The man and others like him were accommodated at this temporary shelter. We've obtained photos of their dormatory. But now news today that the man has fled France and returned reportedly on another small boat to the UK. Whilst he was in France, he experienced horrendous treatment at the hands of people who are organizing journeys to the UK. And in France, he was not receiving protection and feared that those individuals may well continue with that horrendous treatment that he previously experienced. In Paris, we've met others removed from Britain under the same scheme. Some, like this young Eratrayan man, say they have relatives in the UK, that they've been treated unfairly. Some of my friends were accepted by the UK government and given documents, but not you. But not me. And do you have any idea why not you? I don't know. I didn't do anything. I have no criminal record. I want to be safe. Many in similar situations end up on the streets here, trapped by bureaucratic delays, unable to work legally. Critics of Britain's oneinout scheme claim it's a lottery. Until now, nobody has been able to understand why this one and not this one. It seems completely arbitrary and I think it's also a matter of chance. While the flights keep landing here in Paris, we've heard that more men removed from Britain are heading back to the French coast, intent on another trip across the channel. Andrew Harding, BBC News, France."
"Fw6oJQl0QEE","Eurostar orders first double-decker trains to run through Channel Tunnel | BBC News","Eurostar has revealed plans to run double-decker trains through the Channel Tunnel for the first time.

The cross-channel rail operator has confirmed it will order up to 50 trains from manufacturer Alstom, eventually increasing the size of its fleet by nearly a third.

The expansion plans would include investing heavily in a crucial London depot, it said.

But questions remain over whether the facility has enough space for both Eurostar and potential rival operators to use it.

Subscribe here: http://bit.ly/1rbfUog

For more news, analysis and features visit: www.bbc.com/news 

#Eurostar #ChannelTunnel #BBCNews","2025-10-22T17:30:05Z","bbc|bbc news|news|world news|breaking news|us news|world|america|usa|usa news|india news","25","en","en-GB","https://i.ytimg.com/vi/Fw6oJQl0QEE/default.jpg","https://i.ytimg.com/vi/Fw6oJQl0QEE/hqdefault.jpg","PT3M21S","85483","1296","289.0","public","UC16niRr50-MSBwiO3YDb3RA","BBC News","Welcome to the official BBC News YouTube channel. 

Interested in global news with an impartial perspective? Want to see behind-the-scenes footage directly from the front-line? Our YouTube channel has all this and more, bringing you specially selected clips from the world's most trusted news source.

For the latest news and analysis download the BBC News app or visit BBC.com. 
","GB","https://yt3.ggpht.com/v4JamQ9B-PUiJHjmZQs9UwTaoLQW8vijJMMpV5QvA2wHQ6iwWM8Q1s6O4jgTl0dtDigVWAi7SA=s800-c-k-c0x00ffffff-no-rj","18800000","27251","True","Now, Euro Star has revealed plans to run the first double-decker trains through the Channel Tunnel. It's placed an order for up to 50 trains from manufacturer Ol, which would increase the size of its fleet by nearly a third. A 400 meter long train would have more than a thousand seats. Euroar expects the first trains to run between London and Paris in 2031. My colleague Tag Enight caught up with the CEO of Euro Star Gwendelin Kasnv and asked her first why the company decided to introduce these double-decker trains. It's more trains for Euro Star, more seats and more destinations, more seats. For instance, between London and Paris, we're going to add three frequencies with these new trains. and it's going to be 2 million seats per year added to the seats we have today. So, it's a big big capacity improvement between London and Paris. Double decka obviously it's more comfort uh more uh a very special experience because these trains are going to be bespoke designed for our customers. So, it's a very new new experience for our customers. I think lots of people will have been surprised by this announcement because they assumed that the tunnel was too small for these trains. Why haven't you done it sooner? Ah, because that's a very good question. Now, you know, when when when uh when we we we built the new Euro Star strategy and we we we managed we thought about the project to face the demand because international demand is really growing in the UK and from the UK to continental Europe. We thought, okay, we need to consider having big capacity trains. And these big capacity trains obviously are double-decker. And these double double decker on the Alam platform uh are able I mean in terms of size to cross the channel tunnel and to run on obviously the UK networks, but also French, Belgium, Dutch, German and Swiss network. So that's why now we've been able to uh to order double-decker trains for for Euro Star. You're going to be facing more competition within the tunnel itself. And some are concerned that by putting on these double-decker trains, the new capacity, the new depots that might be needed to accommodate them, that you could undermine the ability for competitors to operate. What do you say to that? There are operators uh asking uh to uh uh to uh to operate to St. pancra station to depot to have you know all the setup and the industrial and service uh setup to be able to operate and uh there's no Euroar has no I would say is is not the one to decide what is going to come in the global competitive landscape our our job our purpose our perspective and our strategy is to be here to serve our customers"
"RLFdTzszwY4","Will Hamas give up control in Gaza and what happens next? #MiddleEast #BBCNews","","2025-10-22T17:00:40Z","","25","en","en-GB","https://i.ytimg.com/vi/RLFdTzszwY4/default.jpg","https://i.ytimg.com/vi/RLFdTzszwY4/hqdefault.jpg","PT1M15S","8453","156","34.0","public","UC16niRr50-MSBwiO3YDb3RA","BBC News","Welcome to the official BBC News YouTube channel. 

Interested in global news with an impartial perspective? Want to see behind-the-scenes footage directly from the front-line? Our YouTube channel has all this and more, bringing you specially selected clips from the world's most trusted news source.

For the latest news and analysis download the BBC News app or visit BBC.com. 
","GB","https://yt3.ggpht.com/v4JamQ9B-PUiJHjmZQs9UwTaoLQW8vijJMMpV5QvA2wHQ6iwWM8Q1s6O4jgTl0dtDigVWAi7SA=s800-c-k-c0x00ffffff-no-rj","18800000","27251","True","Will Hamas give up control in Gaza? And what happens next? After 2 years of war, Hamas is not what it was. But its fighters are back on the streets, showing who's in charge. We've seen videos of opponents being executed or beaten. But under Donald Trump's ceasefire plan, they should be handing over their weapons and giving up control. How likely is that? We've spoken to one man who used to advise Hamas. We know that it was terrible mistake that happened and cause all the kind of genocidal war and but really really the people is is not interested anymore to go to violence and to act of war. Trouble is Hamas has ruled Gaza with an iron rod for almost 20 years. Fought battles with Israel several times. Are they really putting all that behind them? A lot of Israelis have their doubts. Of course, you cannot convince Kamas to uh to adopt the disarmament and to leave the weapons. This is their their basic DNA. So, I think that, you know, I don't know within one, two, maybe 5 years, Israel will have to return to war in Gaza. Hamas has lost a lot of its leaders. These are just some of the main ones, but they're far from finished. It seems Israel is going to have to deal with Hamas one way or another for a"
"gw9S_wnN1GE","King Charles to pray with Pope on Vatican state visit in historic moment | BBC News","King Charles and Pope Leo are to become the first British monarch and pontiff to pray together at a church service since the Reformation in the 16th Century.
 
This historic moment will be in the Sistine Chapel in the Vatican, during Thursday’s state visit by King Charles and Queen Camilla.
 
The service will bring together clergy and choirs from both the Roman Catholic church and the Church of England, of which the King is supreme governor.
 
The visit will be seen as an important symbol of reconciliation, in a trip that will also see the first meeting between the King and the new US-born Pope.

Subscribe here: http://bit.ly/1rbfUog

For more news, analysis and features visit: www.bbc.com/news 

#KingCharles #PopeLeo #BBCNews","2025-10-22T16:21:44Z","bbc|bbc news|news|world news|breaking news|us news|world|america|usa|usa news|india news","25","en","en-GB","https://i.ytimg.com/vi/gw9S_wnN1GE/default.jpg","https://i.ytimg.com/vi/gw9S_wnN1GE/hqdefault.jpg","PT2M58S","59681","745","467.0","public","UC16niRr50-MSBwiO3YDb3RA","BBC News","Welcome to the official BBC News YouTube channel. 

Interested in global news with an impartial perspective? Want to see behind-the-scenes footage directly from the front-line? Our YouTube channel has all this and more, bringing you specially selected clips from the world's most trusted news source.

For the latest news and analysis download the BBC News app or visit BBC.com. 
","GB","https://yt3.ggpht.com/v4JamQ9B-PUiJHjmZQs9UwTaoLQW8vijJMMpV5QvA2wHQ6iwWM8Q1s6O4jgTl0dtDigVWAi7SA=s800-c-k-c0x00ffffff-no-rj","18800000","27251","True","King Charles begins a two-day state visit to the Vatican today to visit the Pope where he will be the first monarch in almost 500 years to pray publicly with the pontiff. But the king's visit is likely to be overshadowed by the ongoing scandal surrounding his brother Prince Andrew. As our correspondent Graeme Satchel now reports, the Vatican in Rome, home to the new pope, Pope Leo, elected earlier this year. It'll be the backdrop to an historic meeting almost 500 years in the making. Later today, King Charles, head of the Church of England, will start a two-day visit to Rome. It'll be the first time since Henry VIII broke with the Catholic Church in 1534 that the King of England and the Pope will meet and pray together. A spokesperson for Buckingham Palace said the visit will mark a significant moment in relations between the Catholic Church and the Church of England. It'll be the first state visit since the Reformation where the pope and the monarch will pray together in an ecumenical service. The visit and the key moment when the two men are in the cysteine chapel tomorrow is the clearest sign yet of the warming relationship between two branches of Christianity at loggerheads for centuries. And yet the visit is likely to be overshadowed by the widening controversy around the king's brother. Prince Andrew continues to be caught up in allegations surrounding his friendship with convicted sex offender Jeffrey Epstein. A book published by Virginia Grey repeats the claim that she was forced to have sex with Prince Andrew on three separate occasions which he denies. There are renewed questions about Prince Andrew's finances and living arrangements. He's lived here at the Royal Lodge in Windsor for more than 20 years. Under the terms of an agreement with the Crown Estate, Prince Andrew paid a million pounds for the lease. The details show he doesn't pay annual rent, but he did spend £75 million for renovations. He's liable to pay what's called a peppercorn rent, a small fee that's usually not collected. My concern is that it was a very cozy arrangement. This is crown property that was only offered to him and not to the wider market. I mean, he says he's a man of honor. He's going to put the family, sorry, the the the country and the monarchy first, but he's not showing any evidence of that. In what feels like something of a tipping point, both the Conservatives and the Liberal Democrats are now calling for Prince Andrew to pay his own way and even to become a private citizen. King Charles will be hoping to take control of the narrative with his reconciliatory trip to Rome, but pressure is mounting on the king to take firmer action against his brother. Graeme Satchel, BBC News. And we've been listening to Prime Minister's questions here in London over the past few hours. And the Prime Minister, Karmama, has said he will support a committee of inquiry into the arrangements around the lease of Royal Lodge and an appearance by Prince Andrew, its current occupant, as we've been hearing, to give evidence."
"2XRvFAmM4BM","AI stealing work is immoral and should be illegal, says author Sir Philip Pullman. #BBCNews","","2025-10-22T15:09:08Z","","25","en","en-GB","https://i.ytimg.com/vi/2XRvFAmM4BM/default.jpg","https://i.ytimg.com/vi/2XRvFAmM4BM/hqdefault.jpg","PT51S","24467","579","22.0","public","UC16niRr50-MSBwiO3YDb3RA","BBC News","Welcome to the official BBC News YouTube channel. 

Interested in global news with an impartial perspective? Want to see behind-the-scenes footage directly from the front-line? Our YouTube channel has all this and more, bringing you specially selected clips from the world's most trusted news source.

For the latest news and analysis download the BBC News app or visit BBC.com. 
","GB","https://yt3.ggpht.com/v4JamQ9B-PUiJHjmZQs9UwTaoLQW8vijJMMpV5QvA2wHQ6iwWM8Q1s6O4jgTl0dtDigVWAi7SA=s800-c-k-c0x00ffffff-no-rj","18800000","27251","True","stolen. Uh, it's a it's a wicked system and I'm profoundly against it. Has your work been scraped by AI? Do you know? As far as I know, yes. Everybody's work has. And how do you feel about that? Stolen. They can do what they like with my work if they pay me for it. Stealing people's work. Yes. Scooping up everything that exists and then passing it off as something else. Or rather just using it. just mashing it all down into a sort of manure that can fertilize the roots of whatever money-making scheme this is hatching itself in your head. That's immoral. Uh they don't understand that. Um they understand illegal, but unfortunately it's not illegal because it doesn't quite fall into the categories of things that can be you can be prosecuted for. It should do and it should do damn soon. So you want the government to change the law and fight? Of course I do."
"Un7uGz_zqeQ","Uganda bus crash leaves more than 40 dead | BBC News","Forty-six people have been killed after several vehicles crashed on a major highway in Uganda, the police say.
 
The police revised down an earlier death toll of 63, saying they had mistakenly included victims who were unconscious and were now being treated.
 
The crash occurred when two buses travelling in opposite directions ""met head on"" while trying to overtake two other vehicles – a lorry and a car – on the Kampala-Gulu Highway, the Uganda Police Force said.
 
One of the buses swerved in an attempt to avoid a crash, but in the process caused a ""head on and side collision"" that led to a ""chain reaction"" in which other vehicles lost control and overturned.

Subscribe here: http://bit.ly/1rbfUog

For more news, analysis and features visit: www.bbc.com/news 

#Uganda #Africa #BBCNews","2025-10-22T12:14:25Z","bbc|bbc news|news|world news|breaking news|us news|world|america|usa|usa news|india news","25","en","en-GB","https://i.ytimg.com/vi/Un7uGz_zqeQ/default.jpg","https://i.ytimg.com/vi/Un7uGz_zqeQ/hqdefault.jpg","PT1M27S","97700","1042","262.0","public","UC16niRr50-MSBwiO3YDb3RA","BBC News","Welcome to the official BBC News YouTube channel. 

Interested in global news with an impartial perspective? Want to see behind-the-scenes footage directly from the front-line? Our YouTube channel has all this and more, bringing you specially selected clips from the world's most trusted news source.

For the latest news and analysis download the BBC News app or visit BBC.com. 
","GB","https://yt3.ggpht.com/v4JamQ9B-PUiJHjmZQs9UwTaoLQW8vijJMMpV5QvA2wHQ6iwWM8Q1s6O4jgTl0dtDigVWAi7SA=s800-c-k-c0x00ffffff-no-rj","18800000","27251","True","Let's go to Uganda now. A horrific road accident there involving several vehicles has killed at least 46 people. This accident happened just after midnight on one of Uganda's busiest motorways between the capital Kala and the northern city of Gulu. Our Africa correspondent Barbara Plata told us more about what happened. It was a terrible accident. It took place just after midnight uh on a major motorway north of Kala. So what police have said is that two buses heading in the opposite direction both tried to pass the vehicles in front of them at the same time. Uh now one of the bus drivers swerved to try to avoid a head-on collision. He wasn't successful. There was still a head-on collision, but in the swerving, he managed to sideswipe a vehicle and that caused the vehicles, the two vehicles, a lori and an SUV to lose control and overturn several times. Um, so high death toll. Um, a number of of the people also uh taken to hospital were unconscious. So perhaps some severe injuries as well. and what the police have said. They are still investigating uh the the site and waiting to hear more from the hospitals uh about the state of the of the casualties, but they put out an urgent warning saying um really everyone needs to take care especially in dangerous and careless overtaking on the motorways they said which is the one of the main reasons for crashes in Uganda. Yeah."
"0CbxVWOmnAE","Gaza experiencing health ‘catastrophe’ that will last generations, says WHO | BBC News","Gaza is experiencing a health ""catastrophe"" that will last for ""generations to come"", the director-general of the World Health Organization (WHO) has warned.
 
Dr Tedros Adhanom Ghebreyesus told BBC Radio 4's Today programme that a massive increase in aid is needed to begin to address the complex needs of the Strip's population.
 
Israel has allowed more medical supplies and other aid to cross into Gaza since a ceasefire with Hamas came into effect on 10 October, but Dr Tedros said levels are below those needed to rebuild the territory's healthcare system.
 
His intervention comes as the US attempts to shore up the ceasefire it helped to broker following an outbreak of violence at the weekend.

Subscribe here: http://bit.ly/1rbfUog

For more news, analysis and features visit: www.bbc.com/news 

#Gaza #Israel #BBCNews","2025-10-22T10:30:00Z","bbc|bbc news|news|world news|breaking news|us news|world|america|usa|usa news|india news","25","en","en-GB","https://i.ytimg.com/vi/0CbxVWOmnAE/default.jpg","https://i.ytimg.com/vi/0CbxVWOmnAE/hqdefault.jpg","PT5M36S","12157","171","348.0","public","UC16niRr50-MSBwiO3YDb3RA","BBC News","Welcome to the official BBC News YouTube channel. 

Interested in global news with an impartial perspective? Want to see behind-the-scenes footage directly from the front-line? Our YouTube channel has all this and more, bringing you specially selected clips from the world's most trusted news source.

For the latest news and analysis download the BBC News app or visit BBC.com. 
","GB","https://yt3.ggpht.com/v4JamQ9B-PUiJHjmZQs9UwTaoLQW8vijJMMpV5QvA2wHQ6iwWM8Q1s6O4jgTl0dtDigVWAi7SA=s800-c-k-c0x00ffffff-no-rj","18800000","27251","True","The head of the World Health Organization has warned that Gaza is experiencing a health catastrophe which will last for generations to come. Dr. Ted Ross Adenom Gabrias told the BBC that a massive increase in aid is needed to begin to address its population's complex needs. The WHO chief also said that aid should not be weaponized. He called on Israel not to impose conditions on its delivery. Let's have a listen to part of that interview. there should be uh full access uh and there should not be any any condition especially after all the living hostages were released and a good part of the remains are are transferred I didn't expect that there would be additional restrictions could the international community and in particular the US be doing more to make sure that that happens I think a followup of what has been agreed will be veryant important and since the US has brokered the peace deal, it had the responsibility of making sure that um you know the um all sides are uh respecting the deal and and um you know doing as as per as per the deal. So US has of course responsibility in this. Well, all of this comes as the US Vice President JD Vance has been meeting Israel's prime minister to discuss the next steps in the Gaza ceasefire deal. JD Vance has been pressing Benjamin Netanyahu and other Israeli leaders to make what's been described as difficult concessions over Gaza. Washington wants progress on setting up an international stabilization force and a new governing body for Gaza. Well, in the last few minutes, both men have been speaking. So, let's have a listen to what they've been saying. Few days ago, we had a historic visit by President Trump that will be edged in the annals of our nation's history. We're fortunate today to have a visit by Vice President JD Vance. Uh, and I want to tell you a few things about that. First, in the last year, we've had an unmatched alliance and partnership with the United States that is changing the Middle East, and it's also changing the world. It creates opportunities not only for security, but for the expansion of peace, which we're working on very very diligently. Uh, and it's it's just unmatched. I've been here a few years. You know, I've been through several administrations. I welcome the partnership and the assistance we've had, but there's never been anything like that. And President Trump said that it's like a partnership that's never never happened before. Well, that includes a closed circle both on our side and on the American side. And President Trump knows who he picks for that circle. One of the members, to put it mildly, is a vice president. We've had the opportunity to make decisions jointly in a very uh tight-knit and trusting partnership. And I was impressed. I was impressed with uh I was impressed with your clarity, with your incisiveness, with your solidarity for our common cause and the u just a genuine friendship that uh uh I saw in both in our conference meetings but also in our private meetings. And it's in that spirit that I very much welcome you to Jerusalem in these uh days of destiny. We're changing the face of the Middle East. Uh and uh I have to say uh I was going to say, you know, bring your family u next year in Jerusalem, but welcome this year in Jerusalem. Our great friend JD Vance. Thank you. Thank you, Mr. Prime Minister, and thanks to your entire team for your hospitality and for having us. Uh as the prime minister said, these are days of destiny and uh we're very excited to sit down and work together on the Gaza peace plan. We have a very very tough task ahead of us, which is to disarm Hamas, but rebuild Gaza to make uh life better for the people in Gaza, but also to ensure that Hamas is no longer a threat to our friends in Israel. Uh that's not easy. I think the prime minister knows that as well as anybody, but it's something that we're committed to in the Trump administration. And I think that we've even in the past 24 hours had a lot of good conversations with our friends in the Israeli government, but also frankly with our friends in the Arab world who are stepping up and volunteering to play a very positive role in this. So, we're going to keep working at it. I didn't know what to expect honestly. I know the president was here a week ago to welcome the hostages home and actually sign the deal a week into it. There's a lot of work to do, but I feel very optimistic about where we are. So, thank you for the partnership. Uh thanks for your willingness to continue to work on this and I think we're going to do great things here. It's not going to be easy. I know that there are some folks in the media who I think are rooting against uh this this proposal, but I think that we have an opportunity to do something really historic. So, we're going to keep working at it uh with all all of our friends in the Israeli government. So, thank you so much for having us. Thank you. Yeah, Mr. Mr. A handshake there between the Israeli prime minister and the US Vice President JD Vance. JD Vance is in Israel on a short visit. Um and uh we heard there that he felt very optimistic about the ceasefire in Gaza, holding on despite of course at the weekend some challenges"
"NIzAPHQ8OOA","Palestinian woman clubbed by masked Israeli settler. #BBCNews","","2025-10-22T10:03:35Z","","25","en","en-GB","https://i.ytimg.com/vi/NIzAPHQ8OOA/default.jpg","https://i.ytimg.com/vi/NIzAPHQ8OOA/hqdefault.jpg","PT1M22S","22552","600","196.0","public","UC16niRr50-MSBwiO3YDb3RA","BBC News","Welcome to the official BBC News YouTube channel. 

Interested in global news with an impartial perspective? Want to see behind-the-scenes footage directly from the front-line? Our YouTube channel has all this and more, bringing you specially selected clips from the world's most trusted news source.

For the latest news and analysis download the BBC News app or visit BBC.com. 
","GB","https://yt3.ggpht.com/v4JamQ9B-PUiJHjmZQs9UwTaoLQW8vijJMMpV5QvA2wHQ6iwWM8Q1s6O4jgTl0dtDigVWAi7SA=s800-c-k-c0x00ffffff-no-rj","18800000","27251","False",""
"PCdZvxf8bOg","Six dead in Russian airstrikes, hours after Trump shelves bid for Putin talks | BBC News","Intense Russian drone and missile strikes on cities in Ukraine have left at least six people dead, including two children, President Volodymyr Zelensky has said.
 
Another 21 people were wounded, in another night of attacks that he said proved Moscow had not come under enough pressure for its continued war.
 
Hours earlier, US President Donald Trump said his plans for an imminent summit in Budapest with Russia's Vladimir Putin had been shelved as he did not want a ""wasted meeting”.
 
The Kremlin has rejected calls for a ceasefire along the current front lines made both Trump and European leaders.

Subscribe here: http://bit.ly/1rbfUog

For more news, analysis and features visit: www.bbc.com/news 

#Ukraine #Russia #DonaldTrump #BBCNews","2025-10-22T09:19:46Z","bbc|bbc news|news|world news|breaking news|us news|world|america|usa|usa news|india news","25","en","en-GB","https://i.ytimg.com/vi/PCdZvxf8bOg/default.jpg","https://i.ytimg.com/vi/PCdZvxf8bOg/hqdefault.jpg","PT5M25S","112079","903","672.0","public","UC16niRr50-MSBwiO3YDb3RA","BBC News","Welcome to the official BBC News YouTube channel. 

Interested in global news with an impartial perspective? Want to see behind-the-scenes footage directly from the front-line? Our YouTube channel has all this and more, bringing you specially selected clips from the world's most trusted news source.

For the latest news and analysis download the BBC News app or visit BBC.com. 
","GB","https://yt3.ggpht.com/v4JamQ9B-PUiJHjmZQs9UwTaoLQW8vijJMMpV5QvA2wHQ6iwWM8Q1s6O4jgTl0dtDigVWAi7SA=s800-c-k-c0x00ffffff-no-rj","18800000","27251","True","Now, Russia's carried out drone and missile strikes on Ukrainian cities overnight as Ukraine targeted a Russian chemical plant. At least six people were killed in Ukraine, including a six-month-old baby and a 12-year-old girl in Kev. A number of residential buildings were damaged in the capital, and there were power outages in parts of the city. Ukraine's energy ministry said Russia's been attacking the country's energy infrastructure all night. The Ukrainian military meanwhile says it struck a chemical plant in the Bryants region of southern Russia using Franco British air launch storm shadow missiles. It described the site as vital to Moscow's war effort. Russia hasn't commented. While the Kremlin's been warning the West not to give Ukraine weapons capable of long range attacks, but Kee says it's imperative to target Russian facilities which play a key role in Moscow's war against Ukraine. All of this comes as the White House has rode back on plans for a summit between Presidents Trump and Putin aimed at ending the war in Ukraine. The US president said he didn't want to have a wasted meeting. The two leaders had agreed to meet it for face-to-face talks in Hungary, but a White House official said there are now no plans for a summit soon. President Trump was asked by reporters why the meeting had been shelved with the president indicating that Moscow's refusal to cease fighting along the current front line was a sticking point. Let's have a listen. I said go to the line. Go to the line of uh battle the battlefield lines and you pull back and you go home and everybody take some time off because you got two countries that are killing each other. Two countries are losing 5 to 7,000 soldiers a week. So we'll see what happens. It's we haven't made a determination. President Trump speaking there. Well, let's go straight to Kev and join my colleague John Sardworth who is there for us. John, first of all, just bring us up to date about what's been happening where you are. And of course, there's also been um attacks on the other side as well. Yes. Yes. Well, this city, Regini, once again, e echoing to the sound of explosions with uh ballistic missile warnings in place throughout the night and across the wider country. Attacks on uh other cities targeting energy infrastructure once again. And uh I can tell you also that we're just getting reports from Khib uh of a Russian strike on a kindergarten. Uh reports that uh the children are being evacuated. Obviously deep concern about the possibility of injuries. Uh waiting still for confirmation of that. Ukraine will say that there is no coincidence in any of this. These attacks come, of course, just a few hours after that announcement from the White House that President Trump's hoped for summit with Vladimir Putin in Budapest was now being put on hold. Ukraine has said all along it does not believe Moscow is serious about peace. It believes uh its talk of engaging in that summit was simply a ruse, calling President Trump's bluff in order to persuade him not to supply Ukraine with the long range Tomahawk missiles. it was seeking and I think President Zalinski will say uh you know those warnings have come to pass over the over the last 12 hours or so uh showing full well that uh Moscow uh is not interested in negotiating in good faith as you say Ukraine striking Russian targets too uh hitting uh that chemical plant which it says is part of Moscow's military machine and uh John you talk about of course that meeting that for the for moment is stalled. Um it comes after that tense meeting between President Zalinsky and President Trump in the White House just last Friday. Um you touched on it already, but is the sense that diplomatic efforts are really hitting a roadblock um even though they have for many months. Well, that's the big question now, Reini. Of course, I mean, Ukraine certainly felt very worried after uh the Trump Putin phone call on Friday and then that pretty harsh reception that they reportedly got in the White House. Um, you know, uh, questions as to whether this feeling that Washington was running out of patience with Moscow uh was misplaced and in fact Mr. Trump was swinging back the other way. uh you know if if Washington's interpretation here is that Moscow was calling his bluff and certainly the the the noises coming out of the Kremlin suggest that they have no interest in President Trump's peace plan. What does President Trump do now? Does he uh reconsider supplying Ukraine with those Tomahawk missiles? Does he impose as he's promised before uh a punishment on Moscow or does he yet again give Vladimir Putin a second chance? Ukraine is of course waiting to hear. Meanwhile, uh you know, it its focus is on shoring up uh its uh allegiances with its uh you know, European friends with big meetings planned tomorrow and Friday. Indeed. And of course, all of this comes as the bitter winter in Ukraine approaches as well. Thank you very much for uh speaking to us there from Kev, John Sudworth."
"W47bRaFpP2E","Who pays for Prince Andrew's Royal Lodge and will he have to leave? | BBC Newscast","Today, details have emerged about how Prince Andrew can afford his Windsor mansion as pressure builds over whether he should be allowed to keep it. 

The new document reveals that instead of paying annual rent, Prince Andrew made large lump sum payments up-front, including for renovations. Adam is joined by politics and investigations correspondent Joe Pike to discuss whether political pressure is building for him to give up the property.

And, Boris Johnson has been giving evidence at the Covid Inquiry about the impact of the pandemic on children and young people. He told the inquiry that he ‘probably did go too far' with lockdown rules for children, and that the rules were at times overly complicated.

Adam speaks to BBC Education Editor Branwen Jeffries and BBC Verify’s Ben Chu.","2025-10-21T21:15:39Z","bbc|bbc news|news|world news|breaking news|us news|world|america|usa|usa news|india news","25","en","en-GB","https://i.ytimg.com/vi/W47bRaFpP2E/default.jpg","https://i.ytimg.com/vi/W47bRaFpP2E/hqdefault.jpg","PT35M52S","88417","1047","539.0","public","UC16niRr50-MSBwiO3YDb3RA","BBC News","Welcome to the official BBC News YouTube channel. 

Interested in global news with an impartial perspective? Want to see behind-the-scenes footage directly from the front-line? Our YouTube channel has all this and more, bringing you specially selected clips from the world's most trusted news source.

For the latest news and analysis download the BBC News app or visit BBC.com. 
","GB","https://yt3.ggpht.com/v4JamQ9B-PUiJHjmZQs9UwTaoLQW8vijJMMpV5QvA2wHQ6iwWM8Q1s6O4jgTl0dtDigVWAi7SA=s800-c-k-c0x00ffffff-no-rj","18800000","27251","True","Could Prince Britandrew be forced to give up his 30bedroom mansion known as Royal Lodge? It comes after the revelation that he pays a token amount of rent every year in return for having paid millions of pounds to refurbish it when he first moved in. We will discuss what's going on in this latest episode of the BBC's daily news podcast, Newscast. Hello, it's Adam in the newscast studio and shortly I'll be joined by my colleagues who spent hours watching Boris Johnson, the former prime minister at the co inquiry where he was asked questions about his decision-making about children and young people and schools during the pandemic. But first of all, the questions have continued for Prince Andrew today as recording this episode of Newscast on Tuesday evening. And a lot of them are around his living arrangements and where he lives, the Royal Lodge, the 30-bedroom mansion in Windsor Great Park because some details have emerged of the lease that he has for that property. Also continuing the political criticism which is taking lots of different forms and coming from new places all the time. The person who's been watching it all unfold throughout Tuesday is our politics and investigations correspondent Joe Pike. and I spoke to him in the other studio a little bit earlier on. Well, let's speak now to Joe Pike, who's our politics and investigations correspondent. Hello, Joe. Hello, Adam. You've actually been covering this all weekend, haven't you? I have. Yes, a lot of it. Um, so where have we got to today? Where should we start? I think we probably should start with Royal Lodge. Uh this revelation uh from the Times newspaper, which actually was in some um government documents a couple of decades ago, but is still significant that Prince Andrew is living in Royal Lodge, this 30 room grade two-listed mansion um in Windsor Great Park for Peppercorn rent. So effectively paying nothing for it. that has prompted quite a significant political reaction. But we should probably point out he he did pay up front 7.5 million pounds to refurbish this uh this property. It's in the midst of Windsor Great Park. It has the Royal Chapel in its grounds. There are always security concerns about leasing it to to somebody else because it's it's it's listed. You couldn't exactly turn it into a hotel. And certainly a couple of decades ago, the National Audit Office looked into this arrangement, a lease between uh the then Duke of York uh Prince Andrew and the Crown Estate, which is a sort of big uh national property company looking after the sovereign's public wealth. And the national audit office said that actually this arrangement was value for money and that uh effectively the public purse got its money's worth from the fact that that Prince Andrew had spent many millions refurbishing it and of course he pays for its upkeep very regularly too. So the idea being that paying for it to be refurbished and a bit on top was kind of in lie of I don't know 50 years worth of rent. Exactly. and it's very difficult to uh rent it out. And certainly the lease does say uh for example that he needs to ensure the exterior stonework is in a good condition every 5 years. He needs to paint the interior every seven years. He needs to allow his landlords to inspect it, making sure he's keeping up the lease. Unclear whether they have been inspecting it. Also interesting, Adam, no helicopters and no gambling on the premises. Well, I mean, we all have conditions in our leases for our properties, don't we? Uh I'm not sure if there's a helicopter clause in in mine. Um and I suppose what is uh eye opening about this is even though some of this information or maybe all of it in various forms was in the public domain, what was kind of in the public domain in people's minds was that he was paying about £200,000 a year of rent. Yeah. And I suppose I I suppose if you take a step back, we thought this man had lost his royal role. He was no longer a working royal. He's not allowed to use uh his titles. And yet he is living in this pretty uh palatial home seemingly sort of at the taxpayers expense. As I've explained, it's not quite as simple as that. But certainly the lifestyle he is currently being allowed to have on a property that is owned effectively by all of us has raised a lot of eyebrows and led to I think quite a significant shift in the political reaction because normally politicians don't uh get involved at all in royal matters but in recent days Adam we've seen a bit of a shift there. Oh yeah and Rachel Reeves the chancellor has just been talking at an investment summit hasn't she? She has and she spoke to obviously not about this but she was asked about this. Yeah. She she uh spoke to one of our colleagues from BBC Midlands today and I think what was not surprising is that she followed what other government ministers have done in recent days which is to effectively swerve the issue. She certainly did not want to comment on the sort of royal lodge matter saying she's not seen the details. I can't comment on them. I just don't know the details. But she was asked about uh Prince Andrew in the context of Virginia Guprey's book. Virginia Duprey being the most prominent of Jeffrey Epstein's accusers who ended her own life in April of this year and who uh today Tuesday uh her memoir uh was published some new information in that. And Rachel Reed said I think that the most striking line she said Prince Andrew shouldn't have been associated with a convicted pedophile. Now that may not be surprising that that's her view, Adam. Uh, however, it is a step away from what other government ministers have been doing uh in recent days, which is to completely swerve the issue and say all of this is a matter for Buckingham Palace. And here is how Rachel Reeves said that he shouldn't have been associated with a convicted um uh pedophile. And I think the new revelations in this book uh you know make for very sober um uh reading. And I um I I'm sure that um you know everybody will reflect on that and and form their own judgment. And then let's get some other reaction. Here is Robert Genrich uh using some quite strong language on BBC Breakfast. He has behaved disgracefully. He's embarrassed the royal family time and again. He should really now leave public life forever. stop having any subsidy from the taxpayer whatsoever and go and lead an entirely private life. The public are sick of Prince Andrew. Okay, Joe, what's your take on that? I don't mean he used strong language like swearing, but strong language in terms of his opinion about what should happen. What jumped out at me, Adam? Behave disgracefully, embarrass the royal family. The public are sick of him. And also that that that push it's not quite clear what he means by it for Prince Andrew to stop having any subsidy from the taxpayer. Does he mean move out of royal lodge? It is it is unclear. But the Conservative party as their name would suggest don't normally uh speak about the royal family. Certainly not criticize a member of it. That is absolutely not what Robert Gener is doing today. Although I've spoken to some of Kemmy Benox see and they're very clear that the party's position is that this is a matter for the royal family. Added to that a couple of days ago the S&P's leader in Westminster, Steven Flynn, uh called for uh Prince Andrew's titles, his his duke to be legally removed. He may have sort of set them aside and agreed last Friday he won't use them, but they are given to him and exist in law and therefore it would require law, although not much law to uh officially remove them. The S&P calling from that and also very strong language from the Liberal Democrats too. This is a statement rather than a clip, but their cabinet office uh spokesperson has said Prince Andrew has failed our king and royal family and betrayed the values of the British people. Uh the longer this whole saga goes on, the more his presence in public life is an insult and increasingly an embarrassment. And here's the key thing about Royal Lodge. He should show some contrition by returning every penny of rent that he's not paid while disgracing his office. I'm not quite sure what they're calling for there, Adam. Are they calling for sort of back rent for the last How do you return something you've not paid? Exactly. That seems like something that's not going to happen. But interesting, you've got two opposition politicians, one the party of the Lib Dems and then a prominent conservative Robert Denrich calling for a shift in the Royal Lodge situation. I'm not sure this moves us on from the situation we were in yesterday where it would require quite a big heave by opponents of Prince Andrew to force the government into doing something. I agree. I think all of this as ever comes down to ultimately the uh the king deciding Buckingham Palace deciding something needs to to happen and uh that being agreed with the with the prime minister. Of course, we never hear about those private conversations between prime ministers and monarchs. But it it seems certainly unlikely the government will do anything. That doesn't though mean there isn't something really striking and unusual about suddenly over a matter of days prominent opposition politicians being vocally strikingly critical of a member of the royal family. That is that is pretty new. Um especially I think with the Lib Dems when you consider how positive Ed Davyy the leader of that party is about the king. And I think even if this doesn't change things, it will have been uh heard in uh Buckingham Palace. And of course the question the palace are constantly facing is how do we finally draw a line under this? And certainly they've struggled to do that over a number of years. Well, yeah, because every time they draw a line, it turns out there's a new line. Absolutely. Absolutely. And also um even though Prince Andrew has lost a lot including his royal position and his patronages and his military titles in law he is still um the Duke of York. He is still uh a prince. uh that could all change and certainly constitutional experts have slightly gone against what uh palace sources seem to be saying that actually it wouldn't be very difficult for parliament to uh to change that to make sort of amendments in law because so much of this is in legislation and legislation from many decades ago. Uh so it could be done quite quickly without much debate because certainly MPs by convention are not really allowed to discuss the royal family in the in the House of Commons. Um there doesn't seem any sign that it's happening yet, but I suppose it it could happen quickly and it depends whether others feel that they are emboldened after these these interventions over the last two or three days. I can totally imagine a either like an old-timer backbencher who's always hated this convention and also doesn't think it's quite as strong a convention as other people do mentioning this at PMQ's tomorrow to get maximum publicity or maybe a new generation MP um who just thinks it's all really old-fashioned. Absolutely. I think that is very very possible. I was trying to work out in my head whether whether Ben would want to talk about this as one of her six questions on Wednesday. I think that's probably unlikely. Certainly if the Conservative Party official statement is kind of shutting down Robert Jenrich that suggests no. Exactly. That that was that was my thought. But you I think you're right that others could voice it. And partly I suppose what this comes down to is that even though partly this is about um royalty and the monarchy, it is also even though Prince Andrew of course has consistently denied all these allegations about victims and survivors. And certainly one thing that government ministers have said and uh other opposition parties have said in recent days is that we need to think about um about survivors and victims of Jeffrey Epstein and Gillen Maxwell. And ultimately I suppose this whole row over Prince Andrew over many years does come back to the question over the company you keep. And even though he has denied wrongdoing, we we do know that two of his close friends for quite a long time are people we now know to be a a prolific convicted pedophile and also a convicted sex trafficker. Also, I think one of the really interesting things um that that has emerged today was Baroness Kennedy, Helena Kennedy, Labour Pier on the Today program at about 20 past 8 floating this idea of of Andrew moving to Switzerland and sort of insinuating that maybe that might be the king's preferred option for this and okay that sounds quite speculative and of course people have said oh in the past royals have gone and lived in other countries when they've proved to be a big problem. But what I think is interesting about that is she I think is quite pi with the king and also she set up the chambers that Kier Starmer was a barristister in. So that reflects a certain kind of stratum of opinion about what should happen to Prince Andrew which I think is fascinating that she sort of put that out there in the open. That is absolutely fascinating. And I suppose the most uh prominent historical example would be the Duke of Windsor uh Edward VII who of course abdicated um so he could be with a woman he loved. Certainly the story um of his life after he was king is pretty sort of sad, depressing, controversial at points, but clearly the monarchy do not want and it's been reported for for quite a long time they do not want Andrew in this mansion royal lodge in in Windsor Great Park. I suppose the danger with with uh him him really being sort of outside the tent is that can cause problems too. Now you're not it would be strange to think that he would uh pursue sort of media interventions like Prince Harry has. But certainly I think there are advantages and maybe this is felt partly uh in royal circles. sort of no evidence of it of keeping somebody like um Prince Andrew close at hand. Partly so you know what he's getting up to, but also um there is an element that the the royal family seem to have great fondness for his his two daughters and uh their continuing role. Joe, thank you very much. Thanks, Adam. Now, as promised, we're going back down memory lane because that's what the co inquiry were doing today when they were quizzing Boris Johnson, former prime minister, for several hours for their eighth module of their inquiry, which is all about how government decision-m affected children and young people with a big focus on the decisions in 2020 and 2021 to close schools for quite long periods of time. Two of my ace colleagues have been watching all his hours of testimony and they're here in the newscast studio. Please welcome education editor Bramman Jeff. Hi Bramman. Hello. And Ben Shu from BBC Verify. Hello. Hello Adam. Um first of all before we we dig into the evidence just what how did it feel for you guys watching it? Because I used to love talking about COVID and government policy and the ins and outs of it. I'm not sure I love it quite so much now. Do you know I lived and breathed it at the time because I was on the phone or on people's doorsteps or in schools and colleges the whole time. So, it was an extraordinary day to see it now being unpicked. And I think there's a real generational piece here. When you talk to anyone who who's under 25, 26, it came at such a big time in their life. Absolutely massive points of transition, not just in education, but in their social development, their friendships, and it still really matters. Yeah. And Ben, it's it's interesting going from the days where we knew all the decisions and the dates and the documents that were floating around almost like the backs of our hands and now it feels like ancient history. Yeah. Well, I think a lot of us have tried to blot out that period because it was so traumatic in many ways. I mean, my biggest memory today watching the evidence was actually homeschooling in that period in March and April in 2020. And it was I had two primary school age children um just trying to find the laptops trying to navigate the teaching aids. It was very very stressful and obviously trying to do your job at the same time. So very big consequences of those decisions made at that time and I lived through it and I felt it and you know we were relatively privileged because we had a laptop two laptops knocking about the house. Imagine if you didn't imagine trying to do it on a phone or without broadband. I mean it was it was a very very tough time. And Braman, just in terms of the processology, this is module eight of the CO inquiry and its focuses entirely on the stuff we've just been talking about there. That's exactly it. It focuses on what happened to anyone who was under 18 at the time. So, children from the smallest babies to to young adults effectively. And it concludes its evidence uh at the end of this week. Um this was probably Boris Johnson's last appearance at the inquiry, so very significant. He was there today, which is his second overall. His second overall. Um, and we may not get the report from this module until some way through next year because they're publishing them bit by bit. Um, lots to discuss. Let's listen to an early bit of Boris Johnson's evidence where he's being asked by the KC about the initial decision to shut schools in mid-March 2020. School closures were clearly going to be part of the the paniply of things that we might be able to do to to defeat COVID. I I wanted to keep it to the very very last. It was something that I thought was a and I say in my a terrible thing to do and would have awful consequences for for young people particularly those who were u least able to cope. Yeah. Ban just give us give us a bit of your take on that what you were saying there. Well, there was this dispute which was arisen out of previous evidence we heard from Gavin Williamson about how much preparation there was and evidence from the permanent secretary at the Department for Education about there not being any contingency plans for schools closing. And it's worth just underlining why this is really important because there was a big impact as we've been discussing about the shutdowns on children. Maybe they should have done it, maybe they shouldn't. But if you were going to do it, you'd want the government to be prepared in some way to make this as uh as as painless as possible. But if decision is is quite a sort of I'm not going to say an easy decision, but it's like shut them or not. It's then all the consequences that come from that that you have to then mitigate. Exactly. So things like we were talking about laptops, have you got laptops ready? Have you got a plan for vulnerable children? Have you got a plan for children who who need to go to school to eat properly? All these things. But it looks like according to the evidence from Gavin Williamson and the department for education permanent secretary that there had been none of that planning. So Boris Johnson was challenged on this today and he said he didn't really recognize that. He said well they were talking about shutting the schools and as far as I was concerned these they were making plans. So there was a very direct contradiction between what we'd heard from the department education department and what we heard from Boris Johnson today. So we at verify looked at these evidence. I think as as Boris Johnson said he is right that sage the advis scientific advisory council did discuss school closures and it was clearly being discussed within government as a possibility but that's not the same as contingency planning. So they can both be true at the same time. According to the people who were actually in charge operationally of schools, there was no contingency planning. And we heard nothing today to really say that that wasn't true. And it was very clear that in as much as they were thinking about it, they were thinking, well, what happens to an individual school if half the teachers are ill and we have to somehow keep the education going for everyone else? There wasn't any large-scale planning for what happened if you closed all the schools for most of the children all at the same time. And in fact, what was surfaced today and they showed some of it at the inquiry was a hasty three pager which was drawn up on the day before it was announced to parents. And in that there were some interesting details. It was clear they understood that if you took free school meals away, they couldn't begin to get food vouchers, for example, to children for a month. There was no mention at all of vulnerable children and how to look after them. Although I saw a memo that they flashed up on the screen, there was some bullet points from the Department for Education around that period that spelt out very clearly all the consequences that we then all lived through. And I was like, ""Oh, actually, there were some people very aware of where this would lead."" That was from March the 17th, 2020. The announcement was made on March the 18th, 2020. We heard in previous evidence um from Gavin Williamson that an email arrived at 8:45 p.m. saying, ""Right, okay, we've decided we are going to shut schools."" And officials worked through the night to try and pull things together. So for something that's that large scale affecting 9 million children, it's not a three pages does not go a long way. And not trying to prejudge the outcome of the inquiry, but having read the previous report from the inquiry and watched hours of the the interrogation of other ministers and other subjects, you can see there's two things that the inquiry just keep pushing at and highlighting, which is the sort of the failure of imagination. like you can't if you if you're not prepared, if you're not thinking about the worst, you can't really prepare for the worst. And then also just the the white hole decision-making, who was actually in charge and what sort of assumptions were made about who else might be doing something if the prime minister isn't directly saying right, we're doing this now, plan for this tomorrow. A and an extraordinarily massive sort of don't think culture in some ways. So if the message from the center is well this is a remote possibility that a department wouldn't then galvanize itself to think well it might happen so we need to have a plan just in case. M I think it is it is worth making the point that it is still disputed very vigorously about whether it was right or wrong to shut the schools in fact in terms of dealing with the virus and people can have legitimate views on both sides of that but I think including Boris Johnson who holds both position changed his mind he was very conflicted you could see that but the issue is you should still plan for it if you're going if it's a serious possibility even if you don't want to do it why isn't government why isn't the department for education why isn't downing street getting a plan together say if you do have to do what you don't want to do or you hope you won't have to do to get ready for it. And I think that's where I suspect the uh the inquiry will will find criticism. And there's one thing for everyone to hold in mind which is virtually the whole world closed schools in that spring of 2020 and before the UK did and before the UK did. So a places like Italy could have been a warning signal for the UK, but also it wasn't a decision that looked irrational to many governments in that context at that time. And then if we fast forward to the the second school closure decision, which was at the very beginning of January 2021, I mean, the decision-m around that seems well, we know at the time it was very ragged. Schools opened and then closed the next day. I have such a vivid memory of being in a primary school in Warrington at parents really relieved in many ways that their kids could come back and see their friends and their teachers and then sitting in a van outside that same school uh watching the prime minister say actually we've decided we have to close them and we're cancelelling exams again. And we heard today about a key meeting that had happened during that day in which they'd looked at the data around the new variant, the alpha variant. And he said it was that scientific data which had convinced them that although they wanted to open schools, they couldn't. But up to that, the conversation in government had been about what level of testing do you have and what kind of staggering of different year groups do you have going back. They weren't talking about, oh, bring them all, bring all the children home again. Yeah. Well, I remember being on the other side of it at the school gate, you know, dropping your children off, thinking, we're out of this, you know, thank God, and then being pulled back into this, it was a it was an incredibly tough time. I think that was probably one of the bleakest moments actually that January 2021 given the number the surging number of deaths and that sense of we're going back into this again and the government, it felt to many parents that they just didn't have a grip on what was going on. The fact that you were in and out like that just doesn't breed confidence. And I mean, I didn't watch Gavin Williamson's evidence when he was giving it a few days ago, but the the KC was referring to it in the questioning of Boris Johnson today, and she said, ""Oh, he sort of suggests that actually the decision to close schools in 2021 wasn't really necessarily about schools. It was more about getting everyone in the population to follow all the rules."" And if you wanted to do that, maybe you would say, ""We're even shutting the schools. That's why we're shutting everything else. You got to follow we're throwing everything at this."" It was almost like part of a I mean, the the inquiry didn't use this this word, but it was almost like a sort of propaganda thing to encourage behavior elsewhere. The word messaging was used by Gavin Williamson that that's what he thought it was largely about and that this metaphor had been used um about smashing a Ming vase on the floor just to get the point across and that was the closure of schools. Today, Boris Johnson was pretty emphatic that it wasn't just about that. They were genuinely concerned about the spread of the virus and the virus going back into households and what that would mean. And then um Braman, you you alluded to the exams fiasco and I think we can call it a fiasco. Everyone widely calls it that now. In summer 2020 when there was the infamous algorithm that was deciding pupil's grades for them. What did Boris Johnson say about that? So he said that it was a bad decision uh that they should have known sooner. They shouldn't have implemented it and that the public outrage was absolutely huge and he fully fully acknowledged that. What I was really struck by was if you reel back to 2020 at the time, he was calling it a mutant algorithm, suggesting that it somehow had a mind of its own and had gone off and concocted these exam results. And what we've heard over the last couple of weeks is that there were warnings from senior school leaders as earlier as a April saying, look, this doesn't look as though it's going to be terribly fair for a lot of students. Are you really really sure about this? and that there was a doubling down because they wanted to make sure that there wasn't grade inflation. What was read out in the inquiry today was a message from Boris Johnson at the time to Dominic Cummings basically saying um and I'm paraphrasing this. No, I'm going to read it. I'm going to read it out because I did I did a um screen grab of it because that's what I like to do when Boris Johnson's WhatsApp messages appear on the big screen. Um, I'll not use the first few words because it involves a swear word, but he's talking about a newspaper reporting this situation which has messed up. Um, quote, ""The remnants of my Scottish break. So, I'm back in checkers and in a thoroughly homicidal mood. We need a plan for the Department of Education. We need a permanent secretary, in other words, the most senior civil servant. And we need better ministers. And quite frankly, we need an agenda of reform. We can't go on like this. I'm thinking of going into number 10 and firing people."" That's the message. and note the people multiple because some people today have said was that him intending to sack um Gavin Williamson. Um also heavily involved in the exams decisions at the time were was Nick Gibb who was a very very experienced schools minister very concerned about standards and he had been involved in a lot of the nitty-gritty. In the end, neither of the politicians walked the plank. It was the permanent secretary, the most senior civil servant, uh, Jon Jonathan Slater who was made to leave and to fall on his sword to take off some of the heat from the public outcry around this. And also there was an interesting memo on the screen in the room from Helen McNamara the deputy cabinet secretary who's been quite prominent in all of this and she was sort of starting to ask the questions about why the algorithm had gone wrong saying things like oh when when was it decided that grade inflation prevention was the main thing here because if you decided something else you would have gone down a different route. I think that's really important. So Boris Johnson in his testimony said well he got quite indignant right at the end saying well you try and devise a way of being fair to all pupils and keeping that angriest moment and that is true. It is very very hard to do that given you weren't sitting exams to to to devise a system. The real question is did they privilege not uh stopping grade to stopping grade inflation over fairness and why was that decision taken? who took it and you know who was responsible for uh to carry the can for that. They didn't quite get to that for me. He Boris John was apologetic. He said look this he admitted it was a fiasco and obviously they had to completely scrap the system that they devised in very short order. But it seems to me that the really important political point is who had made that decision and why because that was the source of it actually. If they'd gone for the system, the centrally assessed grades first of all, they could have avoided all this, but they chose not to. Someone was saying the most important priority for government is to stop grade inflation. And a lot of people would question whether they had their priorities right. A and across the UK, it's worth remembering there are four exams regulators. They all broadly used the same algorithm. Um because Scottish results come out a week earlier. Nicholas Sturgeon had called it pretty quickly and said, ""Okay, we're going to U-turn on this. It hasn't worked. It's clearly not fair."" The Alevel results in England were a week later. And it took days and protests and people pointing out that if you've got a system which even if it's only unfair and and only perhaps is the wrong word for a minority of students for each of their students it's 100% of their future. Yeah. So if you have gone through school getting largely A's and B's or the equivalent and you get to A levels and because the algorithm because you're doing a large subject with with lots of people taking it, you get a D or an E, you know, you are not happy. Yeah. Um and also that Helen McNamara email, it's quite interesting just seeing the the language that is used for the to towards the prime minister of like you will want to decide to do something like X. Please let us know if you want some options of X, Y, and Zed while we suggest you do X. So, it's just amazing getting the insight into just how these things are done. Um, Braman, um, anything else that that we haven't covered yet? I think the the other thing really was around what should happen once they recognize that there've been a huge impact on schools and kids education. Um, what should happen afterwards? There was a lot of discussion about Sir Kevin Collins, an education expert who was appointed as recovery zar by Boris Johnson with great fanfare and and who wanted to spend 15 billion pounds. He wanted to spend 15 billion pounds. And his grand vision was to make school super attractive by extending the school day and putting in sports, arts, creative subjects, drama, stuff that would get kids back into school, which arguably sitting where we are now, where we know that attendance is still not fully recovered, might have been a smart idea. What Boris Johnson said today was yes, I let him come up with a grand plan and then I had to make difficult decisions about how much we were spending on COVID recovery across the whole of the UK in different parts of the economy and it just felt like 10 billion too much. So we gave him five billion for tutoring for which there was a solid evidence base. I think it's right interesting that because Boris Johnson said he stood by that decision. He said, ""I I don't think it would have been value for money to spend as much as Kevin Collins was recommending."" A lot of uh education experts at the time, I remember, were saying, ""Actually, this is a bit of a false economy."" There's a study by the Institute for Fiscal Studies which suggested at that time that not fully helping these children catch up could cost the British economy in the long term some 350 billion pounds. So if you put the 15 billion catch up in that context, it does look a bit like a false economy not to spend it. Now I think we're still going to have to wait for the evaluations to find out exactly whether the prime minister was right or Kevin Collins was right who still sticks to that view. But I think it is worth putting it in that context. You know, the lifelong damage to people's education and therefore their earning ability needs to be weighed in that. And also just think about it politically. There's a parallel universe where they spent the money. schools were completely revolutionized after this dreadful period. And Boris Johnson's legacy was reinventing education from the ashes of this disaster. But instead, his legacy is well the legacy that he has. And tutoring did make a difference. It's worth saying that, you know, there is evidence that it did help children catch up with lost learning, but that's really to think about children in a very narrow way, which is all about school and knowledge and getting them through exams rather than thinking about their emotional well-being, their social development, their ability to communicate and and connect with other people. All of which suffered hugely. And we we've seen a spike in mental health referrals for the most serious cases coming out of the COVID. We hear anecdotally about the lack of social skills and social confidence. I it's huge and of course that's hard to quantify. So hard to make the case to Treasury. Bramman, thank you very much. Thank you. And Ben, thanks to you too. Thank you, Adam. And around this time last week, we were doing an episode of Newscast and we got some breaking news from Washington DC that following a phone call between the two of them, Donald Trump was preparing to meet Vladimir Putin face to face in Hungary to talk about the fate of Ukraine. We now hear from the White House today on Tuesday. There are now no plans for the two men to meet. So, we will keep an eye on whether there's any outcome or consequences from that decision. And that's it for this episode of Newscast. We'll be back with another one very soon. Bye-bye."
"N-aowXsZUco","JD Vance says Gaza ceasefire 'in very good place' during Israel visit | BBC News","US Vice-President JD Vance said the ceasefire in Gaza is ""in a very good place"", despite violence in the Strip over the weekend. 

Vance was speaking during a trip to Israel, as part of the Trump administration's efforts to strengthen the ceasefire. 

A flare-up of violence on Sunday threatened to derail the truce, with both Hamas and Israel accuse each other of violating the ceasefire. 

Subscribe here: http://bit.ly/1rbfUog

For more news, analysis and features visit: www.bbc.com/news 

#Israel #Gaza #US #BBCNews","2025-10-21T17:30:07Z","bbc|bbc news|news|world news|breaking news|us news|world|america|usa|usa news|india news","25","en","en-GB","https://i.ytimg.com/vi/N-aowXsZUco/default.jpg","https://i.ytimg.com/vi/N-aowXsZUco/hqdefault.jpg","PT3M26S","23356","164","200.0","public","UC16niRr50-MSBwiO3YDb3RA","BBC News","Welcome to the official BBC News YouTube channel. 

Interested in global news with an impartial perspective? Want to see behind-the-scenes footage directly from the front-line? Our YouTube channel has all this and more, bringing you specially selected clips from the world's most trusted news source.

For the latest news and analysis download the BBC News app or visit BBC.com. 
","GB","https://yt3.ggpht.com/v4JamQ9B-PUiJHjmZQs9UwTaoLQW8vijJMMpV5QvA2wHQ6iwWM8Q1s6O4jgTl0dtDigVWAi7SA=s800-c-k-c0x00ffffff-no-rj","18800000","27251","True","Let's turn to the Middle East now and in the last half an hour or so we've heard from the US Vice President JD Vance who is in Israel where we expressed quote great optimism over the US brokered Gaza ceasefire deal between Israel and Hamas. The visit follows deadly attacks in Gaza over the weekend. Two Israeli soldiers were killed in an incident in Rafa. Dozens of Palestinians were killed in Israeli air strikes. While criticizing what he described as media cynicism, Mr. Vance said President Trump's plan is progressing as expected. I want to say that there is this weird attitude I've sensed in the American media, in the Western media, where there's almost this desire to root for failure. That every time something bad happens, that every time that there's an act of violence, there's this inclination to say, ""Oh, this is the end of the ceasefire. This is the end of the peace plan."" It's not the end. It is in fact exactly how this is going to have to happen. And when you have people who hate each other, who have been fighting against each other for a very long time, we are doing very well. We are in a very good place. We're going to have to keep working on it. But I think we have the team to do exactly that. Well, that was JD Vance. Let's go to our Middle East correspondent, Hugo Ba. Hugo, you were listening to the news conference and that clip. I suppose the question now is, is there a gap between the optimism we heard there and from Donald Trump and the reality on the ground? Yeah, Matthew, I thought it was very interesting that he, you know, tried to strike a positive tone during this news conference. He said he was very optimistic that the ceasefire was going to hold. He was very confident that uh these negotiations are going to succeed negotiations over those remaining remaining points of President Trump's plan for Gaza. He also seemed to downplay uh you know the deadly uh incidents uh in Gaza last weekend saying that those incidents were part of the process and at some points he tried he appeared to uh acknowledge the fact that these negotiations are going to be very difficult. Uh he said it was going to take uh some time to negotiate those remaining points. He also said he wouldn't give any kind of dead deadline for Hamas to disarm which is a key Israeli demand and a key obstacle in these uh negotiations. But again, he repeated uh the threat uh you know, President Trump's threat that if Hamas doesn't disarm uh and it doesn't fulfill its obligations, uh the group is going to be obliterated. And uh he also said the priorities right now are security for both Israel and Gaza, reconstruction of Gaza and the delivery of humanitarian aid. And again acknowledging uh the you know difficult discussions the lie ahead. He said he didn't know how the future governance of Gaza would look like and also he said that there haven't been discussions about this international force to secure Gaza. So again, he tried to strike a positive tone but acknowledging that these negotiations are going to be difficult and we've been talking about this for quite some time now since you know this plan was announced by President Trump that it is a plan that doesn't have you know uh lots of details about what happens next. There's no framework for these negotiations to take place and huge obstacles remain. Hugo PGA with the latest. Thanks very much."
"CDSLzAfGJqE","No immediate plans for Trump-Putin meeting, White House official says | BBC News","There are ""no plans"" for US President Donald Trump to meet Russia's Vladimir Putin ""in the immediate future"", a White House official has stated.
 
Last Thursday Trump said he and the Russian president would hold talks in Budapest within two weeks to discuss the war in Ukraine.
 
A preparatory meeting between US Secretary of State Marco Rubio and his Russian counterpart Sergei Lavrov was due to be held this week - but the White House said the two had had a ""productive"" call and that a meeting was no longer ""necessary"".
 
The White House did not share any more details on why the talks had been put on hold.
 
Subscribe here: http://bit.ly/1rbfUog

For more news, analysis and features visit: www.bbc.com/news 

#Ukraine #Russia #BBCNews","2025-10-21T16:29:08Z","bbc|bbc news|news|world news|breaking news|us news|world|america|usa|usa news|india news","25","en","en-GB","https://i.ytimg.com/vi/CDSLzAfGJqE/default.jpg","https://i.ytimg.com/vi/CDSLzAfGJqE/hqdefault.jpg","PT2M27S","167594","867","758.0","public","UC16niRr50-MSBwiO3YDb3RA","BBC News","Welcome to the official BBC News YouTube channel. 

Interested in global news with an impartial perspective? Want to see behind-the-scenes footage directly from the front-line? Our YouTube channel has all this and more, bringing you specially selected clips from the world's most trusted news source.

For the latest news and analysis download the BBC News app or visit BBC.com. 
","GB","https://yt3.ggpht.com/v4JamQ9B-PUiJHjmZQs9UwTaoLQW8vijJMMpV5QvA2wHQ6iwWM8Q1s6O4jgTl0dtDigVWAi7SA=s800-c-k-c0x00ffffff-no-rj","18800000","27251","True","Let's go straight to that breaking news. It revolves around Ukraine. Several things to bring you right up to date because the White House first of all have been speaking and uh the first line to tell you is that that proposed summit between Donald Trump and Vladimir Putin is not going to happen in the immediate future. We'd been getting a sense of that earlier in the day with the plan of Marco Rubio and Sergey Lavrov meeting. uh there were problems with laying the groundwork and already we'd uh heard that that was being pushed back. So there is no surprise that confirmation from the White House that the summit that was due to happen in Hungary perhaps as early as next week. There is no plans for that summit to go ahead in the immediate future. Now also at the same time some very interesting lines coming out of Kev because President Zilinski saying that Russia had quote almost automatically become less interested in diplomacy due to the postponement of a decision from Donald Trump on the US administration giving Ukraine Tomahawk missiles. You may remember Zilinski went to Washington. That was his big ask for tomahawk missiles and the president pouring cold water. And it was interesting because earlier on the program we were talking about just how badly that meeting went behind the scenes with apparently the Financial Times talking about President Trump using exploitives, shouting at President Silinski throwing maps off the table and then trying to pressurize Ukraine's leader into accepting giving over the Donbass in its entirety to Russia as part of a peace agreement. And that of course Ukraine has always said is Moscow's talking point. And interestingly in the last hour we've had officials in Keev describing Donald Trump's peace plan as going round in circles. So uh it gives you just a sense and look at that picture with the president Silinski head in hands because just giving you I suppose just a snapshot of the unhappiness of Friday's meeting. So no progress in that meeting. In fact, most of the analysis is that actually things have gone backwards and underlining that uh no sign of that Trump Putin summit. We will bring you the latest reaction to that out of Kev here on the program in the next couple of minutes."
"FQ0fYrfU61g","US chess grandmaster Daniel Naroditsky has died aged 29. #Chess #BBCNews","","2025-10-21T16:30:05Z","","25","en","en-GB","https://i.ytimg.com/vi/FQ0fYrfU61g/default.jpg","https://i.ytimg.com/vi/FQ0fYrfU61g/hqdefault.jpg","PT43S","116829","2273","147.0","public","UC16niRr50-MSBwiO3YDb3RA","BBC News","Welcome to the official BBC News YouTube channel. 

Interested in global news with an impartial perspective? Want to see behind-the-scenes footage directly from the front-line? Our YouTube channel has all this and more, bringing you specially selected clips from the world's most trusted news source.

For the latest news and analysis download the BBC News app or visit BBC.com. 
","GB","https://yt3.ggpht.com/v4JamQ9B-PUiJHjmZQs9UwTaoLQW8vijJMMpV5QvA2wHQ6iwWM8Q1s6O4jgTl0dtDigVWAi7SA=s800-c-k-c0x00ffffff-no-rj","18800000","27251","True","US chess grandmaster and YouTuber Daniel Naraditzki has died aged 29. His family announced his unexpected death on Monday, calling him a talented chess player, commentator, and educator, and a cherished member of the chess community. No cause of death was given. Naraditzki, who was known to his online fans as Daniel, started playing chess when he was six and gained international attention in 2007 when he won the World Youth Championship. He became a grandmaster while he was still a teenager when he won the US Junior Championship in 2013. Thousands of viewers regularly watched his YouTube channel and Twitch stream where he posted video tutorials and live streams against other competitors. International chess federations and professional players have paid tribute to him with American world number two Hikaru Nakamura saying his death is a massive loss for the world of chess."
"MHdHmMUf00M","The trailblazer who made history as Nasa’s first woman commander | BBC News","Eileen Collins made history as the first woman to pilot and command a Nasa spacecraft - but despite her remarkable achievements, not everyone will know her name.
 
Now a feature-length documentary called Spacewoman, which chronicles her trailblazing career, looks set to change that.
 
""As the first woman to pilot the Space Shuttle, I worked very hard at that because I didn't want people to say, 'Oh look, the woman has made a mistake'. Because it wasn't just about me, it was about the women to follow me,"" she says.
 
Subscribe here: http://bit.ly/1rbfUog

For more news, analysis and features visit: www.bbc.com/news 

#Nasa #BBCNews","2025-10-21T16:00:39Z","bbc|bbc news|news|world news|breaking news|us news|world|america|usa|usa news|india news","25","en","en-GB","https://i.ytimg.com/vi/MHdHmMUf00M/default.jpg","https://i.ytimg.com/vi/MHdHmMUf00M/hqdefault.jpg","PT5M27S","18058","299","69.0","public","UC16niRr50-MSBwiO3YDb3RA","BBC News","Welcome to the official BBC News YouTube channel. 

Interested in global news with an impartial perspective? Want to see behind-the-scenes footage directly from the front-line? Our YouTube channel has all this and more, bringing you specially selected clips from the world's most trusted news source.

For the latest news and analysis download the BBC News app or visit BBC.com. 
","GB","https://yt3.ggpht.com/v4JamQ9B-PUiJHjmZQs9UwTaoLQW8vijJMMpV5QvA2wHQ6iwWM8Q1s6O4jgTl0dtDigVWAi7SA=s800-c-k-c0x00ffffff-no-rj","18800000","27251","True","Eileen Collins made history as the first woman to pilot and command a spacecraft, paving the way for future generations. And now she's the subject of a new documentary called Spacewoman, which looks at her remarkable achievements and trailblazing career. Our science editor, Rebecca Morurell, went to meet her. Three engines up and burning. 3 and of Space Shuttle Discovery. She's the woman who smashed through the glass ceiling and then just kept on going. Eileen Collins made history as the first woman to pilot and command a spacecraft. In a way, it's going to be hard to come home because I do like being in space so much. It feels almost natural to be up here. Now, she's the subject of a new documentary, Spacewoman. So, take a look here. That's the heat shield on the bottom. You can see where there some of those pieces broke off. And we met her at the science museum. I was reading a magazine article on the Gemini astronauts. I was probably nine years old and I thought that's the coolest thing. That's what I want to do. Of course, there were no women back then, but I just thought I'll be a lady astronaut. But that little girl set her sights even higher. She wanted to be at the controls of a spacecraft. And the only way to achieve this was to become a test pilot in the military. After a decade in the Air Force, she had made it and was accepted by NASA. She was chosen to pilot her first mission in 1995. And the eyes of the world were on her. As the first woman to pilot the space shuttle, I didn't want people to say, ""Oh, look, the woman made a mistake."" Because it wasn't just about me. It was about the women to follow me and I wanted there to be a reputation for women pilots that was, hey, they're really good. She was so good she was quickly promoted to commander. Here, a job she juggled with being a mom to two young children. I felt like I had the two best jobs in the world. I was a mother and I was a space shuttle commander. I'm going to tell you, it is harder to be a parent than to be a space shuttle commander. But the best training I ever had for being a commander was being a parent because sometimes you have to say no. You have to learn how to say no to people. We have booster ignition and liftoff of Space Shuttle Columbia with But in 2003, the shuttle program experienced a catastrophic failure. As the Colombia spacecraft launched, a piece of foam broke loose, damaging its heat shield. The shuttle broke up as it re-entered the Earth's atmosphere, killing all seven astronauts on board. After a 2-year gap, Eileen Collins was chosen to command the next mission. Did she think about quitting? I think quitting the mission would have been very the opposite of brave. And I wanted to be a brave leader. I wanted to be a confident leader. I wanted to instill that confidence in other people. But during her launch, the nightmare scenario happened again. Some foam broke off. We were very surprised to hear that a large piece of foam had fallen up. And uh frankly, we were disappointed to hear that had happened. And no one knew what the damage was. The solution putting the shuttle through a 360 degree somersault closing at a rate of 1 and a half ft per second while it passed under the international space station. They are 650 ft. So astronauts could thoroughly check it out. It was something that had never been done before and there were engineers and managers saying that can't be done. That can't be done. You know, all these reasons why it's too dangerous. And after I listened to the discussion, they knew I was the commander. I said, ""It sounds like we can do it."" And it became just an elegant solution. And I loved it. The somersault revealed there was damage to the shuttle's underside and a spacew walk was needed to fix it. Steeper than that of a standard commercial airliner's descent. It meant the crew could safely make it home. The flight was over. And for Eene Collins, it was the last time she would go to space. So, what advice would the astronaut give to kids who share her dream? Do your homework. Listen to your teacher. Pay attention in class and read books and that will give them something to focus on. Eileen says she has no regrets about ending her astronaut career when she did. But if someone said, ""We got an extra space on that mission."" Would you would you be tempted? Yes, I would love to go on a mission someday when I'm an old lady. Maybe I'll get a chance to go back in space. Those that follow in her footsteps will learn just how much she achieved, not only as a woman, but as a formidable pilot and commander. Rebecca Morell, BBC News. And I'm really thrilled to say that Eileen Collins will be joining me in about an hour's time here on the set. Really looking forward to talking to her. What an inspiration and an incredible story and lots of advice and words of wisdom that she has to share with us as"
"eiznshu8h40","JD Vance arrives in Israel as US tries to strengthen Gaza ceasefire deal | BBC News","US Vice-President JD Vance has arrived in Israel as part of the Trump administration's efforts to strengthen the Gaza ceasefire agreement.
 
He is expected to push the Israeli Prime Minister, Benjamin Netanyahu, to start negotiations on long-term issues for a permanent end to the war with Hamas.
 
The two special US envoys who helped negotiate the deal, Steve Witkoff and Jared Kushner, also held talks with Netanyahu on Monday.

Their visits come after a flare-up of violence on Sunday that threatened to derail the 12-day-old truce. 

Subscribe here: http://bit.ly/1rbfUog

For more news, analysis and features visit: www.bbc.com/news 

#Israel #Gaza #BBCNews","2025-10-21T14:58:48Z","bbc|bbc news|news|world news|breaking news|us news|world|america|usa|usa news|india news","25","en","en-GB","https://i.ytimg.com/vi/eiznshu8h40/default.jpg","https://i.ytimg.com/vi/eiznshu8h40/hqdefault.jpg","PT7M57S","43270","264","272.0","public","UC16niRr50-MSBwiO3YDb3RA","BBC News","Welcome to the official BBC News YouTube channel. 

Interested in global news with an impartial perspective? Want to see behind-the-scenes footage directly from the front-line? Our YouTube channel has all this and more, bringing you specially selected clips from the world's most trusted news source.

For the latest news and analysis download the BBC News app or visit BBC.com. 
","GB","https://yt3.ggpht.com/v4JamQ9B-PUiJHjmZQs9UwTaoLQW8vijJMMpV5QvA2wHQ6iwWM8Q1s6O4jgTl0dtDigVWAi7SA=s800-c-k-c0x00ffffff-no-rj","18800000","27251","False",""
"owyVGK1JeJo","French ex-president Nicolas Sarkozy begins five-year jail sentence. #France #BBCNews","","2025-10-21T14:30:37Z","","25","en","en-GB","https://i.ytimg.com/vi/owyVGK1JeJo/default.jpg","https://i.ytimg.com/vi/owyVGK1JeJo/hqdefault.jpg","PT37S","27348","273","41.0","public","UC16niRr50-MSBwiO3YDb3RA","BBC News","Welcome to the official BBC News YouTube channel. 

Interested in global news with an impartial perspective? Want to see behind-the-scenes footage directly from the front-line? Our YouTube channel has all this and more, bringing you specially selected clips from the world's most trusted news source.

For the latest news and analysis download the BBC News app or visit BBC.com. 
","GB","https://yt3.ggpht.com/v4JamQ9B-PUiJHjmZQs9UwTaoLQW8vijJMMpV5QvA2wHQ6iwWM8Q1s6O4jgTl0dtDigVWAi7SA=s800-c-k-c0x00ffffff-no-rj","18800000","27251","False",""
"fmVFTTdLiRE","Prince Andrew denies all allegations made against him. #BBCNews","Memoir co-writer Amy Wallace describes Virginia Giuffre’s alleged experience of being “sent off to sexually service Prince Andrew” by Jeffrey Epstein and Ghislaine Maxwell.
Prince Andrew denies all allegations made against him.","2025-10-21T12:30:52Z","","25","en","en-GB","https://i.ytimg.com/vi/fmVFTTdLiRE/default.jpg","https://i.ytimg.com/vi/fmVFTTdLiRE/hqdefault.jpg","PT1M22S","23901","535","77.0","public","UC16niRr50-MSBwiO3YDb3RA","BBC News","Welcome to the official BBC News YouTube channel. 

Interested in global news with an impartial perspective? Want to see behind-the-scenes footage directly from the front-line? Our YouTube channel has all this and more, bringing you specially selected clips from the world's most trusted news source.

For the latest news and analysis download the BBC News app or visit BBC.com. 
","GB","https://yt3.ggpht.com/v4JamQ9B-PUiJHjmZQs9UwTaoLQW8vijJMMpV5QvA2wHQ6iwWM8Q1s6O4jgTl0dtDigVWAi7SA=s800-c-k-c0x00ffffff-no-rj","18800000","27251","False",""
"y_8YNc-Aro8","Prince Andrew's BBC Newsnight interview from 2019. #BBCNews","In her memoir, Virginia Giuffre alleges that she had sex with Prince Andrew on three separate occasions. In 2019, Prince Andrew said on BBC Newsnight that he had no recollection of ever meeting Ms Giuffre, and has always denied wrongdoing.","2025-10-21T11:34:24Z","bbc|bbc news|news|world news|breaking news|us news|world|america|usa|usa news|india news","25","en","en-GB","https://i.ytimg.com/vi/y_8YNc-Aro8/default.jpg","https://i.ytimg.com/vi/y_8YNc-Aro8/hqdefault.jpg","PT1M18S","38609","346","84.0","public","UC16niRr50-MSBwiO3YDb3RA","BBC News","Welcome to the official BBC News YouTube channel. 

Interested in global news with an impartial perspective? Want to see behind-the-scenes footage directly from the front-line? Our YouTube channel has all this and more, bringing you specially selected clips from the world's most trusted news source.

For the latest news and analysis download the BBC News app or visit BBC.com. 
","GB","https://yt3.ggpht.com/v4JamQ9B-PUiJHjmZQs9UwTaoLQW8vijJMMpV5QvA2wHQ6iwWM8Q1s6O4jgTl0dtDigVWAi7SA=s800-c-k-c0x00ffffff-no-rj","18800000","27251","False",""
"IEWMOqQs2pU","French ex-president Nicolas Sarkozy goes to jail | BBC News","Nicolas Sarkozy has become the first French ex-president to go to jail, as he starts a five-year sentence for conspiring to fund his election campaign with money from late Libyan dictator Muammar Gaddafi.
 
Not since World War Two Nazi collaborationist leader Philippe Pétain was jailed for treason in 1945 has any French ex-leader gone behind bars.
 
Sarkozy, who was president from 2007-2012, has appealed against his jail term at La Santé prison, where he will occupy a cell roughly measuring 9 sq m (95 sq ft) in the jail's isolation wing.
 
Subscribe here: http://bit.ly/1rbfUog

For more news, analysis and features visit: www.bbc.com/news 

#France #BBCNews","2025-10-21T11:01:00Z","bbc|bbc news|news|world news|breaking news|us news|world|america|usa|usa news|india news","25","en","en-GB","https://i.ytimg.com/vi/IEWMOqQs2pU/default.jpg","https://i.ytimg.com/vi/IEWMOqQs2pU/hqdefault.jpg","PT5M40S","363177","3201","1888.0","public","UC16niRr50-MSBwiO3YDb3RA","BBC News","Welcome to the official BBC News YouTube channel. 

Interested in global news with an impartial perspective? Want to see behind-the-scenes footage directly from the front-line? Our YouTube channel has all this and more, bringing you specially selected clips from the world's most trusted news source.

For the latest news and analysis download the BBC News app or visit BBC.com. 
","GB","https://yt3.ggpht.com/v4JamQ9B-PUiJHjmZQs9UwTaoLQW8vijJMMpV5QvA2wHQ6iwWM8Q1s6O4jgTl0dtDigVWAi7SA=s800-c-k-c0x00ffffff-no-rj","18800000","27251","False",""
"wy2387BqJBA","Woman with Parkinson's disease plays clarinet during brain surgery. #BBCNews","","2025-10-21T10:30:40Z","","25","en","en-GB","https://i.ytimg.com/vi/wy2387BqJBA/default.jpg","https://i.ytimg.com/vi/wy2387BqJBA/hqdefault.jpg","PT33S","34463","436","11.0","public","UC16niRr50-MSBwiO3YDb3RA","BBC News","Welcome to the official BBC News YouTube channel. 

Interested in global news with an impartial perspective? Want to see behind-the-scenes footage directly from the front-line? Our YouTube channel has all this and more, bringing you specially selected clips from the world's most trusted news source.

For the latest news and analysis download the BBC News app or visit BBC.com. 
","GB","https://yt3.ggpht.com/v4JamQ9B-PUiJHjmZQs9UwTaoLQW8vijJMMpV5QvA2wHQ6iwWM8Q1s6O4jgTl0dtDigVWAi7SA=s800-c-k-c0x00ffffff-no-rj","18800000","27251","False",""
"Wl8vIC7LVCE","Sanae Takaichi becomes Japan's first female prime minister | BBC News","Sanae Takaichi has been elected Japan's prime minister by parliament, making her the first woman to hold the office.
 
She won a clear majority on Monday - 237 votes in the powerful Lower House and another 125 in the Upper House - as leader of the ruling Liberal Democratic Party (LDP).
 
The 64-year-old is known as Japan’s “Iron Lady” - she’s an admirer of the UK's former PM Margaret Thatcher and is known for her staunch conservatism.

Subscribe here: http://bit.ly/1rbfUog

For more news, analysis and features visit: www.bbc.com/news 

#Japan #BBCNews","2025-10-21T09:59:51Z","bbc|bbc news|news|world news|breaking news|us news|world|america|usa|usa news|india news","25","en","en-GB","https://i.ytimg.com/vi/Wl8vIC7LVCE/default.jpg","https://i.ytimg.com/vi/Wl8vIC7LVCE/hqdefault.jpg","PT8M3S","135785","3096","1005.0","public","UC16niRr50-MSBwiO3YDb3RA","BBC News","Welcome to the official BBC News YouTube channel. 

Interested in global news with an impartial perspective? Want to see behind-the-scenes footage directly from the front-line? Our YouTube channel has all this and more, bringing you specially selected clips from the world's most trusted news source.

For the latest news and analysis download the BBC News app or visit BBC.com. 
","GB","https://yt3.ggpht.com/v4JamQ9B-PUiJHjmZQs9UwTaoLQW8vijJMMpV5QvA2wHQ6iwWM8Q1s6O4jgTl0dtDigVWAi7SA=s800-c-k-c0x00ffffff-no-rj","18800000","27251","False",""
"U4Pnj-w2gSs","Prince Andrew’s life “being eroded"" by past behaviour, says Giuffre memoir co-writer | BBC Newsnight","What is in Virginia Giuffre's memoir and what does it mean for Prince Andrew?
 
Amy Wallace, co-writer of Virginia Giuffre’s posthumous memoir, speaks to Newsnight’s Victoria Derbyshire about the book’s allegation relating to Virginia being sexually trafficked to Prince Andrew by Ghislaine Maxwell and Jeffrey Epstein.
 
Prince Andrew denies all of the allegations made against him.

Subscribe here: http://bit.ly/1rbfUog

For more news, analysis and features visit: www.bbc.com/news 

#Newsnight #BBCNews","2025-10-21T09:02:23Z","bbc|bbc news|news|world news|breaking news|us news|world|america|usa|usa news|india news","25","en","en-GB","https://i.ytimg.com/vi/U4Pnj-w2gSs/default.jpg","https://i.ytimg.com/vi/U4Pnj-w2gSs/hqdefault.jpg","PT15M4S","560339","7735","2667.0","public","UC16niRr50-MSBwiO3YDb3RA","BBC News","Welcome to the official BBC News YouTube channel. 

Interested in global news with an impartial perspective? Want to see behind-the-scenes footage directly from the front-line? Our YouTube channel has all this and more, bringing you specially selected clips from the world's most trusted news source.

For the latest news and analysis download the BBC News app or visit BBC.com. 
","GB","https://yt3.ggpht.com/v4JamQ9B-PUiJHjmZQs9UwTaoLQW8vijJMMpV5QvA2wHQ6iwWM8Q1s6O4jgTl0dtDigVWAi7SA=s800-c-k-c0x00ffffff-no-rj","18800000","27251","False",""
"rQNZU9qaHJk","Sanae Takaichi wins historic vote to become Japan's first female PM. #BBCNews","","2025-10-21T06:53:41Z","bbc|bbc news|news|world news|breaking news|us news|world|america|usa|usa news|india news","25","en","en-GB","https://i.ytimg.com/vi/rQNZU9qaHJk/default.jpg","https://i.ytimg.com/vi/rQNZU9qaHJk/hqdefault.jpg","PT25S","50949","717","44.0","public","UC16niRr50-MSBwiO3YDb3RA","BBC News","Welcome to the official BBC News YouTube channel. 

Interested in global news with an impartial perspective? Want to see behind-the-scenes footage directly from the front-line? Our YouTube channel has all this and more, bringing you specially selected clips from the world's most trusted news source.

For the latest news and analysis download the BBC News app or visit BBC.com. 
","GB","https://yt3.ggpht.com/v4JamQ9B-PUiJHjmZQs9UwTaoLQW8vijJMMpV5QvA2wHQ6iwWM8Q1s6O4jgTl0dtDigVWAi7SA=s800-c-k-c0x00ffffff-no-rj","18800000","27251","False",""
"FH220cWGhT0","What does Virginia Giuffre's memoir say about Prince Andrew? | BBC Newscast","Today, we discuss the allegations made in Virginia Giuffre’s memoir against Prince Andrew.

Virginia Giuffre passed away in April after taking her own life, but finished writing the book before her death. The book goes into detail about the allegations she has made against Jeffrey Epstein, Prince Andrew and Ghislaine Maxwell. Prince Andrew denies all of the allegations made against him, but gave up his royal titles on Friday.

What does Giuffre say in the book, and how have the Royal Family responded? Adam is joined in the studio with BBC Newsnight presenter Victoria Derbyshire, and BBC royal correspondent Daniela Relph.

Subscribe here: http://bit.ly/1rbfUog

For more news, analysis and features visit: www.bbc.com/news 

#BBCNews","2025-10-20T21:01:36Z","bbc|bbc news|news|world news|breaking news|us news|world|america|usa|usa news|royal news|prince andrew|virginia giuffre|jeffrey epstein|epstein files|ghislaine maxwell|king charles|prince william|the queen|uk politics|donald trump","25","en","en-GB","https://i.ytimg.com/vi/FH220cWGhT0/default.jpg","https://i.ytimg.com/vi/FH220cWGhT0/hqdefault.jpg","PT24M50S","362490","4349","1734.0","public","UC16niRr50-MSBwiO3YDb3RA","BBC News","Welcome to the official BBC News YouTube channel. 

Interested in global news with an impartial perspective? Want to see behind-the-scenes footage directly from the front-line? Our YouTube channel has all this and more, bringing you specially selected clips from the world's most trusted news source.

For the latest news and analysis download the BBC News app or visit BBC.com. 
","GB","https://yt3.ggpht.com/v4JamQ9B-PUiJHjmZQs9UwTaoLQW8vijJMMpV5QvA2wHQ6iwWM8Q1s6O4jgTl0dtDigVWAi7SA=s800-c-k-c0x00ffffff-no-rj","18800000","27251","False",""
"jes_hmeOqqI","France reels after Louvre jewellery heist | BBC News","The Louvre Museum in Paris remained closed on Monday while police investigate a brazen heist which targeted France's priceless crown jewels.
 
Thieves wielding power tools broke into the world's most visited museum in broad daylight, before escaping on scooters with eight extremely valuable items of jewellery.
 
France's Interior Minister Laurent Nuñez described the stolen jewels ""priceless"" and ""of immeasurable heritage value"".
 
Subscribe here: http://bit.ly/1rbfUog 
 
For more news, analysis and features visit: www.bbc.com/news 
 
#France #Paris #Louvre #BBCNews","2025-10-20T18:05:42Z","bbc|bbc news|news|world news|breaking news|us news|world|america|usa|usa news|india news","25","en","en-GB","https://i.ytimg.com/vi/jes_hmeOqqI/default.jpg","https://i.ytimg.com/vi/jes_hmeOqqI/hqdefault.jpg","PT3M45S","140703","1022","452.0","public","UC16niRr50-MSBwiO3YDb3RA","BBC News","Welcome to the official BBC News YouTube channel. 

Interested in global news with an impartial perspective? Want to see behind-the-scenes footage directly from the front-line? Our YouTube channel has all this and more, bringing you specially selected clips from the world's most trusted news source.

For the latest news and analysis download the BBC News app or visit BBC.com. 
","GB","https://yt3.ggpht.com/v4JamQ9B-PUiJHjmZQs9UwTaoLQW8vijJMMpV5QvA2wHQ6iwWM8Q1s6O4jgTl0dtDigVWAi7SA=s800-c-k-c0x00ffffff-no-rj","18800000","27251","False",""
"HBj4Js2A3ww","How did thieves steal from the Louvre? #Louvre #Heist #Paris #BBCNews","","2025-10-20T17:00:16Z","","25","en","en-GB","https://i.ytimg.com/vi/HBj4Js2A3ww/default.jpg","https://i.ytimg.com/vi/HBj4Js2A3ww/hqdefault.jpg","PT1M14S","61433","813","106.0","public","UC16niRr50-MSBwiO3YDb3RA","BBC News","Welcome to the official BBC News YouTube channel. 

Interested in global news with an impartial perspective? Want to see behind-the-scenes footage directly from the front-line? Our YouTube channel has all this and more, bringing you specially selected clips from the world's most trusted news source.

For the latest news and analysis download the BBC News app or visit BBC.com. 
","GB","https://yt3.ggpht.com/v4JamQ9B-PUiJHjmZQs9UwTaoLQW8vijJMMpV5QvA2wHQ6iwWM8Q1s6O4jgTl0dtDigVWAi7SA=s800-c-k-c0x00ffffff-no-rj","18800000","27251","False",""
"p-_d8bAyXXM","Life-changing eye implant helps blind patients read again | BBC News","A group of blind patients can now read again after being fitted with a life-changing implant at the back of the eye.
 
A surgeon who inserted the microchips in five patients at Moorfields Eye Hospital in London says the results of the international trial are ""astounding"".
 
Sheila Irvine, 70, who is registered blind, told the BBC it was ""out of this world"" to be able to read and do crosswords again. 
 
The technology offers hope to people with an advanced form of dry age-related macular degeneration (AMD), called geographic atrophy (GA), which affects more than 250,000 people in the UK and five million worldwide.

Subscribe here: http://bit.ly/1rbfUog

For more news, analysis and features visit: www.bbc.com/news 

#BBCNews","2025-10-20T16:01:28Z","bbc|bbc news|news|world news|breaking news|us news|world|america|usa|usa news|india news","25","en","en-GB","https://i.ytimg.com/vi/p-_d8bAyXXM/default.jpg","https://i.ytimg.com/vi/p-_d8bAyXXM/hqdefault.jpg","PT3M25S","49592","1164","153.0","public","UC16niRr50-MSBwiO3YDb3RA","BBC News","Welcome to the official BBC News YouTube channel. 

Interested in global news with an impartial perspective? Want to see behind-the-scenes footage directly from the front-line? Our YouTube channel has all this and more, bringing you specially selected clips from the world's most trusted news source.

For the latest news and analysis download the BBC News app or visit BBC.com. 
","GB","https://yt3.ggpht.com/v4JamQ9B-PUiJHjmZQs9UwTaoLQW8vijJMMpV5QvA2wHQ6iwWM8Q1s6O4jgTl0dtDigVWAi7SA=s800-c-k-c0x00ffffff-no-rj","18800000","27251","False",""
"n8BllbArP0U","Cate Blanchett on a mission to save seeds. #CateBlanchett #BBCNews","","2025-10-20T15:30:33Z","","25","en","en-GB","https://i.ytimg.com/vi/n8BllbArP0U/default.jpg","https://i.ytimg.com/vi/n8BllbArP0U/hqdefault.jpg","PT1M","19125","347","12.0","public","UC16niRr50-MSBwiO3YDb3RA","BBC News","Welcome to the official BBC News YouTube channel. 

Interested in global news with an impartial perspective? Want to see behind-the-scenes footage directly from the front-line? Our YouTube channel has all this and more, bringing you specially selected clips from the world's most trusted news source.

For the latest news and analysis download the BBC News app or visit BBC.com. 
","GB","https://yt3.ggpht.com/v4JamQ9B-PUiJHjmZQs9UwTaoLQW8vijJMMpV5QvA2wHQ6iwWM8Q1s6O4jgTl0dtDigVWAi7SA=s800-c-k-c0x00ffffff-no-rj","18800000","27251","False",""
"HyvlAecq3zE","Zelensky ready to join Trump-Putin talks after ‘frank’ White House meeting | BBC News","Ukrainian President Volodymyr Zelensky has said he would be ready to join Donald Trump and Vladimir Putin at a proposed summit in Hungary if he were invited.

The US and Russian presidents announced on Thursday they planned to hold talks on the war in Ukraine in Budapest, possibly in the coming weeks.

In comments released on Monday, Zelensky told reporters: ""If it is an invitation in a format where we meet as three or, as it's called, shuttle diplomacy… then in one format or another, we will agree.”

Meanwhile, media reports have suggested his White House meeting with Trump on Friday descended into a ""shouting match"" - with the US side urging Ukraine to accept Russia's terms to end the war.

Subscribe here: http://bit.ly/1rbfUog

For more news, analysis and features visit: www.bbc.com/news 

#Ukraine #Russia #DonaldTrump #BBCNews","2025-10-20T14:46:55Z","bbc|bbc news|news|world news|breaking news|us news|world|america|usa|usa news|india news","25","en","en-GB","https://i.ytimg.com/vi/HyvlAecq3zE/default.jpg","https://i.ytimg.com/vi/HyvlAecq3zE/hqdefault.jpg","PT5M44S","135764","794","772.0","public","UC16niRr50-MSBwiO3YDb3RA","BBC News","Welcome to the official BBC News YouTube channel. 

Interested in global news with an impartial perspective? Want to see behind-the-scenes footage directly from the front-line? Our YouTube channel has all this and more, bringing you specially selected clips from the world's most trusted news source.

For the latest news and analysis download the BBC News app or visit BBC.com. 
","GB","https://yt3.ggpht.com/v4JamQ9B-PUiJHjmZQs9UwTaoLQW8vijJMMpV5QvA2wHQ6iwWM8Q1s6O4jgTl0dtDigVWAi7SA=s800-c-k-c0x00ffffff-no-rj","18800000","27251","False",""
"cpoaiciE0mA","Paris tourists react to Louvre jewellery heist. #Louvre #Paris #BBCNews","","2025-10-20T13:01:13Z","","25","en","en-GB","https://i.ytimg.com/vi/cpoaiciE0mA/default.jpg","https://i.ytimg.com/vi/cpoaiciE0mA/hqdefault.jpg","PT22S","24978","146","53.0","public","UC16niRr50-MSBwiO3YDb3RA","BBC News","Welcome to the official BBC News YouTube channel. 

Interested in global news with an impartial perspective? Want to see behind-the-scenes footage directly from the front-line? Our YouTube channel has all this and more, bringing you specially selected clips from the world's most trusted news source.

For the latest news and analysis download the BBC News app or visit BBC.com. 
","GB","https://yt3.ggpht.com/v4JamQ9B-PUiJHjmZQs9UwTaoLQW8vijJMMpV5QvA2wHQ6iwWM8Q1s6O4jgTl0dtDigVWAi7SA=s800-c-k-c0x00ffffff-no-rj","18800000","27251","False",""
"5ySuOHWtDZw","BBC obtains copy of Virginia Giuffre's memoir | BBC News","Virginia Giuffre said she feared she might ""die a sex slave"" at the hands of Jeffrey Epstein and his circle, her posthumous memoir revealed. 

The BBC has obtained a full copy of Nobody's Girl, written by the prominent accuser of convicted sex offender Epstein, ahead of its publication on Tuesday - almost six months after she took her own life.

In the memoir, Ms Giuffre also says she had sex with Prince Andrew on three separate occasions, including once with Epstein and approximately eight other young women.

Prince Andrew, who reached a financial settlement with Ms Giuffre in 2022, has always denied any wrongdoing.

Subscribe here: http://bit.ly/1rbfUog

For more news, analysis and features visit: www.bbc.com/news 

#BBCNews","2025-10-20T12:15:00Z","bbc|bbc news|news|world news|breaking news|us news|world|america|usa|usa news|india news","25","en","en-GB","https://i.ytimg.com/vi/5ySuOHWtDZw/default.jpg","https://i.ytimg.com/vi/5ySuOHWtDZw/hqdefault.jpg","PT11M45S","302813","3972","1830.0","public","UC16niRr50-MSBwiO3YDb3RA","BBC News","Welcome to the official BBC News YouTube channel. 

Interested in global news with an impartial perspective? Want to see behind-the-scenes footage directly from the front-line? Our YouTube channel has all this and more, bringing you specially selected clips from the world's most trusted news source.

For the latest news and analysis download the BBC News app or visit BBC.com. 
","GB","https://yt3.ggpht.com/v4JamQ9B-PUiJHjmZQs9UwTaoLQW8vijJMMpV5QvA2wHQ6iwWM8Q1s6O4jgTl0dtDigVWAi7SA=s800-c-k-c0x00ffffff-no-rj","18800000","27251","False",""
"fqDJx5FY5oE","Snapchat and several banks among major apps down in Amazon internet services outage | BBC News","Many of the world's biggest websites and apps are down due to an outage affecting Amazon Web Services. 
 
Snapchat, Duolingo, Zoom and Roblox have all been impacted, as well as customers of banks including Lloyds and Halifax. 
 
Amazon Web Services (AWS) is Amazon's cloud computing division, and its infrastructure underpins millions of large companies' websites and platforms.

AWS says it is now ""seeing significant signs of recovery"" and most requests should now be succeeding.
 
Subscribe here: http://bit.ly/1rbfUog 
 
For more news, analysis and features visit: www.bbc.com/news 

#BBCNews","2025-10-20T11:18:41Z","bbc|bbc news|news|world news|breaking news|us news|world|america|usa|usa news|india news","25","en","en-GB","https://i.ytimg.com/vi/fqDJx5FY5oE/default.jpg","https://i.ytimg.com/vi/fqDJx5FY5oE/hqdefault.jpg","PT8M42S","106136","1258","446.0","public","UC16niRr50-MSBwiO3YDb3RA","BBC News","Welcome to the official BBC News YouTube channel. 

Interested in global news with an impartial perspective? Want to see behind-the-scenes footage directly from the front-line? Our YouTube channel has all this and more, bringing you specially selected clips from the world's most trusted news source.

For the latest news and analysis download the BBC News app or visit BBC.com. 
","GB","https://yt3.ggpht.com/v4JamQ9B-PUiJHjmZQs9UwTaoLQW8vijJMMpV5QvA2wHQ6iwWM8Q1s6O4jgTl0dtDigVWAi7SA=s800-c-k-c0x00ffffff-no-rj","18800000","27251","False",""
"FlMvdAEdDd8","Why is Snapchat down? #Snapchat #BBCNews","","2025-10-20T10:59:12Z","","25","en","en-GB","https://i.ytimg.com/vi/FlMvdAEdDd8/default.jpg","https://i.ytimg.com/vi/FlMvdAEdDd8/hqdefault.jpg","PT28S","30688","446","36.0","public","UC16niRr50-MSBwiO3YDb3RA","BBC News","Welcome to the official BBC News YouTube channel. 

Interested in global news with an impartial perspective? Want to see behind-the-scenes footage directly from the front-line? Our YouTube channel has all this and more, bringing you specially selected clips from the world's most trusted news source.

For the latest news and analysis download the BBC News app or visit BBC.com. 
","GB","https://yt3.ggpht.com/v4JamQ9B-PUiJHjmZQs9UwTaoLQW8vijJMMpV5QvA2wHQ6iwWM8Q1s6O4jgTl0dtDigVWAi7SA=s800-c-k-c0x00ffffff-no-rj","18800000","27251","False",""
"gb5MqziF8vQ","Trump says Gaza ceasefire still in place as Israel and Hamas accuse each other of breach | BBC News","US President Donald Trump says the ceasefire in Gaza is still in place, hours after Israel's military said it carried out a wave of strikes against Hamas.

The Israel Defence Forces said it would resume enforcement of the ceasefire, after Israel and Hamas accused each other of breaching the deal.

Strikes began in southern Gaza on Sunday after the Israeli military said ""terrorists fired an anti-tank missile and gunfire"" toward its troops in Rafah, killing two soldiers.

Hamas said it was ""unaware"" of any clashes in the area under Israeli control and said it was committed to the ceasefire, but accused Israel of violations and warned strikes could ""push the situation toward a total collapse”.

Subscribe here: http://bit.ly/1rbfUog

For more news, analysis and features visit: www.bbc.com/news 

#Israel #Gaza #BBCNews","2025-10-20T10:16:33Z","bbc|bbc news|news|world news|breaking news|us news|world|america|usa|usa news|india news","25","en","en-GB","https://i.ytimg.com/vi/gb5MqziF8vQ/default.jpg","https://i.ytimg.com/vi/gb5MqziF8vQ/hqdefault.jpg","PT5M16S","78760","759","841.0","public","UC16niRr50-MSBwiO3YDb3RA","BBC News","Welcome to the official BBC News YouTube channel. 

Interested in global news with an impartial perspective? Want to see behind-the-scenes footage directly from the front-line? Our YouTube channel has all this and more, bringing you specially selected clips from the world's most trusted news source.

For the latest news and analysis download the BBC News app or visit BBC.com. 
","GB","https://yt3.ggpht.com/v4JamQ9B-PUiJHjmZQs9UwTaoLQW8vijJMMpV5QvA2wHQ6iwWM8Q1s6O4jgTl0dtDigVWAi7SA=s800-c-k-c0x00ffffff-no-rj","18800000","27251","False",""
"FsBoU9a8zK0","India sparkles as millions celebrate Diwali festival. #Diwali #BBCNews","","2025-10-20T06:54:34Z","bbc|bbc news|news|world news|breaking news|us news|world|america|usa|usa news|india news","25","en","en-GB","https://i.ytimg.com/vi/FsBoU9a8zK0/default.jpg","https://i.ytimg.com/vi/FsBoU9a8zK0/hqdefault.jpg","PT21S","28381","515","54.0","public","UC16niRr50-MSBwiO3YDb3RA","BBC News","Welcome to the official BBC News YouTube channel. 

Interested in global news with an impartial perspective? Want to see behind-the-scenes footage directly from the front-line? Our YouTube channel has all this and more, bringing you specially selected clips from the world's most trusted news source.

For the latest news and analysis download the BBC News app or visit BBC.com. 
","GB","https://yt3.ggpht.com/v4JamQ9B-PUiJHjmZQs9UwTaoLQW8vijJMMpV5QvA2wHQ6iwWM8Q1s6O4jgTl0dtDigVWAi7SA=s800-c-k-c0x00ffffff-no-rj","18800000","27251","False",""
"jimldQT1pQw","Tech billionaires seem to be doom prepping. Should we be worried? #AI #Tech #BBCNews","","2025-10-19T17:11:08Z","bbc|bbc news|news|world news|breaking news|us news|world|america|usa|usa news|india news","25","en","en-GB","https://i.ytimg.com/vi/jimldQT1pQw/default.jpg","https://i.ytimg.com/vi/jimldQT1pQw/hqdefault.jpg","PT54S","42313","673","89.0","public","UC16niRr50-MSBwiO3YDb3RA","BBC News","Welcome to the official BBC News YouTube channel. 

Interested in global news with an impartial perspective? Want to see behind-the-scenes footage directly from the front-line? Our YouTube channel has all this and more, bringing you specially selected clips from the world's most trusted news source.

For the latest news and analysis download the BBC News app or visit BBC.com. 
","GB","https://yt3.ggpht.com/v4JamQ9B-PUiJHjmZQs9UwTaoLQW8vijJMMpV5QvA2wHQ6iwWM8Q1s6O4jgTl0dtDigVWAi7SA=s800-c-k-c0x00ffffff-no-rj","18800000","27251","False",""
"8ySSpqoQR0g","What are the new allegations against Prince Andrew? | BBC Newscast","Today, new allegations against Prince Andrew have appeared in the Sunday newspapers, accusing him of asking his police protection to investigate Virginia Giuffre just before the newspaper published a photo of her alleged first meeting with the prince. Prince Andrew has not commented on the reports, but consistently denies all allegations against him.

Victoria Derbyshire and Simon Jack stand in for Laura and Paddy, joining Henry to discuss the latest accusations as well as what options are left for politicians, and the Royal Family, as Giuffre’s brother asks for the King to strip Andrew of his title as Prince.

Plus, how do we get our energy bills down? Energy secretary Ed Milliband, his shadow Claire Coutinho, and Green party leader Zack Polanski all spoke to Victoria this morning and offered alternative visions. But what do the public want?

Subscribe here: http://bit.ly/1rbfUog

For more news, analysis and features visit: www.bbc.com/news 

#BBCNews","2025-10-19T16:45:00Z","bbc|bbc news|news|world news|breaking news|us news|world|america|usa|usa news|india news","25","en","en-GB","https://i.ytimg.com/vi/8ySSpqoQR0g/default.jpg","https://i.ytimg.com/vi/8ySSpqoQR0g/hqdefault.jpg","PT25M35S","551183","5285","2054.0","public","UC16niRr50-MSBwiO3YDb3RA","BBC News","Welcome to the official BBC News YouTube channel. 

Interested in global news with an impartial perspective? Want to see behind-the-scenes footage directly from the front-line? Our YouTube channel has all this and more, bringing you specially selected clips from the world's most trusted news source.

For the latest news and analysis download the BBC News app or visit BBC.com. 
","GB","https://yt3.ggpht.com/v4JamQ9B-PUiJHjmZQs9UwTaoLQW8vijJMMpV5QvA2wHQ6iwWM8Q1s6O4jgTl0dtDigVWAi7SA=s800-c-k-c0x00ffffff-no-rj","18800000","27251","False",""
"XgWiMZr5EVc","Hunt continues for thieves after jewels stolen in heist at Louvre museum in Paris | BBC News","The Louvre museum in Paris is closed after a heist on Sunday morning.

The French interior ministry says a number of people broke into the Apollo Gallery via a mechanised lift and took jewels. The thieves are said to have been carrying small chainsaws and escaped on a scooter.

The French government says the items taken are of 'incalculable' value but that no injuries were reported and an investigation is under way.

Culture Minister Rachida Dati told French TV that in their haste to flee, one stolen item was found underneath the Louvre.

Subscribe here: http://bit.ly/1rbfUog

For more news, analysis and features visit: www.bbc.com/news 

#LouvreMuseum #Paris #BBCNews","2025-10-19T15:52:39Z","bbc|bbc news|news|world news|breaking news|us news|world|america|usa|usa news|india news","25","en","en-GB","https://i.ytimg.com/vi/XgWiMZr5EVc/default.jpg","https://i.ytimg.com/vi/XgWiMZr5EVc/hqdefault.jpg","PT8M32S","403396","3055","1420.0","public","UC16niRr50-MSBwiO3YDb3RA","BBC News","Welcome to the official BBC News YouTube channel. 

Interested in global news with an impartial perspective? Want to see behind-the-scenes footage directly from the front-line? Our YouTube channel has all this and more, bringing you specially selected clips from the world's most trusted news source.

For the latest news and analysis download the BBC News app or visit BBC.com. 
","GB","https://yt3.ggpht.com/v4JamQ9B-PUiJHjmZQs9UwTaoLQW8vijJMMpV5QvA2wHQ6iwWM8Q1s6O4jgTl0dtDigVWAi7SA=s800-c-k-c0x00ffffff-no-rj","18800000","27251","False",""
"VT44M9cvKrM","Hunt continues for thieves after heist at Louvre museum in Paris. #Paris #Louvre #BBCNews","","2025-10-19T15:12:26Z","bbc|bbc news|news|world news|breaking news|us news|world|america|usa|usa news|india news","25","en","en-GB","https://i.ytimg.com/vi/VT44M9cvKrM/default.jpg","https://i.ytimg.com/vi/VT44M9cvKrM/hqdefault.jpg","PT1M2S","70925","1120","119.0","public","UC16niRr50-MSBwiO3YDb3RA","BBC News","Welcome to the official BBC News YouTube channel. 

Interested in global news with an impartial perspective? Want to see behind-the-scenes footage directly from the front-line? Our YouTube channel has all this and more, bringing you specially selected clips from the world's most trusted news source.

For the latest news and analysis download the BBC News app or visit BBC.com. 
","GB","https://yt3.ggpht.com/v4JamQ9B-PUiJHjmZQs9UwTaoLQW8vijJMMpV5QvA2wHQ6iwWM8Q1s6O4jgTl0dtDigVWAi7SA=s800-c-k-c0x00ffffff-no-rj","18800000","27251","False",""
"tdATUiOH1b8","Thieves steal jewels of 'incalculable' value in heist at Louvre museum in Paris | BBC News","The Louvre Museum in Paris has been closed following a robbery, France's culture minister says.

Rachida Dati wrote on X that the robbery happened on Sunday morning as the museum was opening. She said she was at the site, where police are investigating

The museum confirmed it was closing for the day ""for exceptional reasons,"" without providing further details.

French media reports say jewellery has been stolen, after three masked men reportedly used a freight lift under renovation to access the Apollo Gallery, where what remains of France's crown jewels are kept. The gallery is on the side of the River Seine.

The thieves are said to have broken windows to gain entry before escaping on motor scooters. They also had chainsaws. The value of the stolen items is not yet known.

Subscribe here: http://bit.ly/1rbfUog

For more news, analysis and features visit: www.bbc.com/news 

#Paris #TheLouvre #BBCNews","2025-10-19T12:01:43Z","bbc|bbc news|news|world news|breaking news|us news|world|america|usa|usa news|india news","25","en","en-GB","https://i.ytimg.com/vi/tdATUiOH1b8/default.jpg","https://i.ytimg.com/vi/tdATUiOH1b8/hqdefault.jpg","PT4M22S","582172","6257","2601.0","public","UC16niRr50-MSBwiO3YDb3RA","BBC News","Welcome to the official BBC News YouTube channel. 

Interested in global news with an impartial perspective? Want to see behind-the-scenes footage directly from the front-line? Our YouTube channel has all this and more, bringing you specially selected clips from the world's most trusted news source.

For the latest news and analysis download the BBC News app or visit BBC.com. 
","GB","https://yt3.ggpht.com/v4JamQ9B-PUiJHjmZQs9UwTaoLQW8vijJMMpV5QvA2wHQ6iwWM8Q1s6O4jgTl0dtDigVWAi7SA=s800-c-k-c0x00ffffff-no-rj","18800000","27251","False",""
"IowjzeckDP0","Who Was Charlie Kirk? | BBC Documentary","Conservative activist Charlie Kirk was shot dead in Utah. But what shaped his views and how did he rise to become one of the most important right-wing influencers in the United States? 

For more news, analysis and features visit: www.bbc.com/news 

Subscribe to BBC News on YouTube: http://bit.ly/1rbfUog

#BBCNews #CharlieKirk","2025-10-19T11:30:13Z","bbc|bbc news|news|world news|breaking news|us news|world|america|usa|usa news|india news","25","en","en-GB","https://i.ytimg.com/vi/IowjzeckDP0/default.jpg","https://i.ytimg.com/vi/IowjzeckDP0/hqdefault.jpg","PT29M47S","79875","614","1006.0","public","UC16niRr50-MSBwiO3YDb3RA","BBC News","Welcome to the official BBC News YouTube channel. 

Interested in global news with an impartial perspective? Want to see behind-the-scenes footage directly from the front-line? Our YouTube channel has all this and more, bringing you specially selected clips from the world's most trusted news source.

For the latest news and analysis download the BBC News app or visit BBC.com. 
","GB","https://yt3.ggpht.com/v4JamQ9B-PUiJHjmZQs9UwTaoLQW8vijJMMpV5QvA2wHQ6iwWM8Q1s6O4jgTl0dtDigVWAi7SA=s800-c-k-c0x00ffffff-no-rj","18800000","27251","False",""
"JFl2IBl3FgI","The Louvre museum in Paris is closed after a robbery. #Louvre #Paris #BBCNews","","2025-10-19T10:24:27Z","bbc|bbc news|news|world news|breaking news|us news|world|america|usa|usa news|india news","25","en","en-GB","https://i.ytimg.com/vi/JFl2IBl3FgI/default.jpg","https://i.ytimg.com/vi/JFl2IBl3FgI/hqdefault.jpg","PT36S","76177","770","142.0","public","UC16niRr50-MSBwiO3YDb3RA","BBC News","Welcome to the official BBC News YouTube channel. 

Interested in global news with an impartial perspective? Want to see behind-the-scenes footage directly from the front-line? Our YouTube channel has all this and more, bringing you specially selected clips from the world's most trusted news source.

For the latest news and analysis download the BBC News app or visit BBC.com. 
","GB","https://yt3.ggpht.com/v4JamQ9B-PUiJHjmZQs9UwTaoLQW8vijJMMpV5QvA2wHQ6iwWM8Q1s6O4jgTl0dtDigVWAi7SA=s800-c-k-c0x00ffffff-no-rj","18800000","27251","False",""
